sz,subAU,value
sz1,rus2_sz1,NA
sz2,rus2_sz1,1
sz3,rus2_sz1,1
sz4,rus2_sz1,1
sz5,rus2_sz1,1
sz6,rus2_sz1,1
sz7,rus2_sz1,1
sz8,rus2_sz1,1
sz9,rus2_sz1,1
sz10,rus2_sz1,1
sz11,rus2_sz1,1
sz12,rus2_sz1,1
sz13,rus2_sz1,1
sz14,rus2_sz1,1
sz15,rus2_sz1,1
sz16,rus2_sz1,1
sz17,rus2_sz1,1
sz18,rus2_sz1,1
sz19,rus2_sz1,1
sz20,rus2_sz1,1
sz21,rus2_sz1,1
sz22,rus2_sz1,1
sz23,rus2_sz1,1
sz24,rus2_sz1,1
sz25,rus2_sz1,1
sz26,rus2_sz1,1
sz27,rus2_sz1,1
sz28,rus2_sz1,1
sz29,rus2_sz1,1
sz30,rus2_sz1,1
sz31,rus2_sz1,1
sz32,rus2_sz1,1
sz33,rus2_sz1,1
sz34,rus2_sz1,1
sz35,rus2_sz1,1
sz36,rus2_sz1,1
sz1,rus3_sz1,NA
sz2,rus3_sz1,1
sz3,rus3_sz1,1
sz4,rus3_sz1,1
sz5,rus3_sz1,1
sz6,rus3_sz1,1
sz7,rus3_sz1,1
sz8,rus3_sz1,1
sz9,rus3_sz1,1
sz10,rus3_sz1,1
sz11,rus3_sz1,1
sz12,rus3_sz1,1
sz13,rus3_sz1,1
sz14,rus3_sz1,1
sz15,rus3_sz1,1
sz16,rus3_sz1,1
sz17,rus3_sz1,1
sz18,rus3_sz1,1
sz19,rus3_sz1,1
sz20,rus3_sz1,1
sz21,rus3_sz1,1
sz22,rus3_sz1,1
sz23,rus3_sz1,1
sz24,rus3_sz1,1
sz25,rus3_sz1,1
sz26,rus3_sz1,1
sz27,rus3_sz1,1
sz28,rus3_sz1,1
sz29,rus3_sz1,1
sz30,rus3_sz1,1
sz31,rus3_sz1,1
sz32,rus3_sz1,1
sz33,rus3_sz1,1
sz34,rus3_sz1,1
sz35,rus3_sz1,1
sz36,rus3_sz1,1
sz1,rus9_sz1,NA
sz2,rus9_sz1,1
sz3,rus9_sz1,1
sz4,rus9_sz1,1
sz5,rus9_sz1,1
sz6,rus9_sz1,1
sz7,rus9_sz1,1
sz8,rus9_sz1,1
sz9,rus9_sz1,1
sz10,rus9_sz1,1
sz11,rus9_sz1,1
sz12,rus9_sz1,1
sz13,rus9_sz1,1
sz14,rus9_sz1,1
sz15,rus9_sz1,1
sz16,rus9_sz1,1
sz17,rus9_sz1,1
sz18,rus9_sz1,1
sz19,rus9_sz1,1
sz20,rus9_sz1,1
sz21,rus9_sz1,1
sz22,rus9_sz1,1
sz23,rus9_sz1,1
sz24,rus9_sz1,1
sz25,rus9_sz1,1
sz26,rus9_sz1,1
sz27,rus9_sz1,1
sz28,rus9_sz1,1
sz29,rus9_sz1,1
sz30,rus9_sz1,1
sz31,rus9_sz1,1
sz32,rus9_sz1,1
sz33,rus9_sz1,1
sz34,rus9_sz1,1
sz35,rus9_sz1,1
sz36,rus9_sz1,1
sz1,rus18_sz10,2
sz2,rus18_sz10,2
sz3,rus18_sz10,2
sz4,rus18_sz10,2
sz5,rus18_sz10,2
sz6,rus18_sz10,2
sz7,rus18_sz10,2
sz8,rus18_sz10,2
sz9,rus18_sz10,2
sz10,rus18_sz10,NA
sz11,rus18_sz10,1
sz12,rus18_sz10,1
sz13,rus18_sz10,1
sz14,rus18_sz10,1
sz15,rus18_sz10,1
sz16,rus18_sz10,1
sz17,rus18_sz10,1
sz18,rus18_sz10,1
sz19,rus18_sz10,1
sz20,rus18_sz10,1
sz21,rus18_sz10,1
sz22,rus18_sz10,1
sz23,rus18_sz10,1
sz24,rus18_sz10,1
sz25,rus18_sz10,1
sz26,rus18_sz10,1
sz27,rus18_sz10,1
sz28,rus18_sz10,1
sz29,rus18_sz10,1
sz30,rus18_sz10,1
sz31,rus18_sz10,1
sz32,rus18_sz10,1
sz33,rus18_sz10,1
sz34,rus18_sz10,1
sz35,rus18_sz10,1
sz36,rus18_sz10,1
sz1,rus22_sz10,2
sz2,rus22_sz10,2
sz3,rus22_sz10,2
sz4,rus22_sz10,2
sz5,rus22_sz10,2
sz6,rus22_sz10,2
sz7,rus22_sz10,2
sz8,rus22_sz10,2
sz9,rus22_sz10,2
sz10,rus22_sz10,NA
sz11,rus22_sz10,1
sz12,rus22_sz10,1
sz13,rus22_sz10,1
sz14,rus22_sz10,1
sz15,rus22_sz10,1
sz16,rus22_sz10,1
sz17,rus22_sz10,1
sz18,rus22_sz10,1
sz19,rus22_sz10,1
sz20,rus22_sz10,1
sz21,rus22_sz10,1
sz22,rus22_sz10,1
sz23,rus22_sz10,1
sz24,rus22_sz10,1
sz25,rus22_sz10,1
sz26,rus22_sz10,1
sz27,rus22_sz10,1
sz28,rus22_sz10,1
sz29,rus22_sz10,1
sz30,rus22_sz10,1
sz31,rus22_sz10,1
sz32,rus22_sz10,1
sz33,rus22_sz10,1
sz34,rus22_sz10,1
sz35,rus22_sz10,1
sz36,rus22_sz10,1
sz1,rus9_sz10,2
sz2,rus9_sz10,2
sz3,rus9_sz10,2
sz4,rus9_sz10,2
sz5,rus9_sz10,2
sz6,rus9_sz10,2
sz7,rus9_sz10,2
sz8,rus9_sz10,2
sz9,rus9_sz10,2
sz10,rus9_sz10,NA
sz11,rus9_sz10,1
sz12,rus9_sz10,1
sz13,rus9_sz10,1
sz14,rus9_sz10,1
sz15,rus9_sz10,1
sz16,rus9_sz10,1
sz17,rus9_sz10,1
sz18,rus9_sz10,1
sz19,rus9_sz10,1
sz20,rus9_sz10,1
sz21,rus9_sz10,1
sz22,rus9_sz10,1
sz23,rus9_sz10,1
sz24,rus9_sz10,1
sz25,rus9_sz10,1
sz26,rus9_sz10,1
sz27,rus9_sz10,1
sz28,rus9_sz10,1
sz29,rus9_sz10,1
sz30,rus9_sz10,1
sz31,rus9_sz10,1
sz32,rus9_sz10,1
sz33,rus9_sz10,1
sz34,rus9_sz10,1
sz35,rus9_sz10,1
sz36,rus9_sz10,1
sz1,rus18_sz11,2
sz2,rus18_sz11,2
sz3,rus18_sz11,2
sz4,rus18_sz11,2
sz5,rus18_sz11,2
sz6,rus18_sz11,2
sz7,rus18_sz11,2
sz8,rus18_sz11,2
sz9,rus18_sz11,2
sz10,rus18_sz11,2
sz11,rus18_sz11,NA
sz12,rus18_sz11,1
sz13,rus18_sz11,1
sz14,rus18_sz11,1
sz15,rus18_sz11,1
sz16,rus18_sz11,1
sz17,rus18_sz11,1
sz18,rus18_sz11,1
sz19,rus18_sz11,1
sz20,rus18_sz11,1
sz21,rus18_sz11,1
sz22,rus18_sz11,1
sz23,rus18_sz11,1
sz24,rus18_sz11,1
sz25,rus18_sz11,1
sz26,rus18_sz11,1
sz27,rus18_sz11,1
sz28,rus18_sz11,1
sz29,rus18_sz11,1
sz30,rus18_sz11,1
sz31,rus18_sz11,1
sz32,rus18_sz11,1
sz33,rus18_sz11,1
sz34,rus18_sz11,1
sz35,rus18_sz11,1
sz36,rus18_sz11,1
sz1,rus22_sz11,2
sz2,rus22_sz11,2
sz3,rus22_sz11,2
sz4,rus22_sz11,2
sz5,rus22_sz11,2
sz6,rus22_sz11,2
sz7,rus22_sz11,2
sz8,rus22_sz11,2
sz9,rus22_sz11,2
sz10,rus22_sz11,2
sz11,rus22_sz11,NA
sz12,rus22_sz11,1
sz13,rus22_sz11,1
sz14,rus22_sz11,1
sz15,rus22_sz11,1
sz16,rus22_sz11,1
sz17,rus22_sz11,1
sz18,rus22_sz11,1
sz19,rus22_sz11,1
sz20,rus22_sz11,1
sz21,rus22_sz11,1
sz22,rus22_sz11,1
sz23,rus22_sz11,1
sz24,rus22_sz11,1
sz25,rus22_sz11,1
sz26,rus22_sz11,1
sz27,rus22_sz11,1
sz28,rus22_sz11,1
sz29,rus22_sz11,1
sz30,rus22_sz11,1
sz31,rus22_sz11,1
sz32,rus22_sz11,1
sz33,rus22_sz11,1
sz34,rus22_sz11,1
sz35,rus22_sz11,1
sz36,rus22_sz11,1
sz1,rus9_sz11,2
sz2,rus9_sz11,2
sz3,rus9_sz11,2
sz4,rus9_sz11,2
sz5,rus9_sz11,2
sz6,rus9_sz11,2
sz7,rus9_sz11,2
sz8,rus9_sz11,2
sz9,rus9_sz11,2
sz10,rus9_sz11,2
sz11,rus9_sz11,NA
sz12,rus9_sz11,1
sz13,rus9_sz11,1
sz14,rus9_sz11,1
sz15,rus9_sz11,1
sz16,rus9_sz11,1
sz17,rus9_sz11,1
sz18,rus9_sz11,1
sz19,rus9_sz11,1
sz20,rus9_sz11,1
sz21,rus9_sz11,1
sz22,rus9_sz11,1
sz23,rus9_sz11,1
sz24,rus9_sz11,1
sz25,rus9_sz11,1
sz26,rus9_sz11,1
sz27,rus9_sz11,1
sz28,rus9_sz11,1
sz29,rus9_sz11,1
sz30,rus9_sz11,1
sz31,rus9_sz11,1
sz32,rus9_sz11,1
sz33,rus9_sz11,1
sz34,rus9_sz11,1
sz35,rus9_sz11,1
sz36,rus9_sz11,1
sz1,rus18_sz12,2
sz2,rus18_sz12,2
sz3,rus18_sz12,2
sz4,rus18_sz12,2
sz5,rus18_sz12,2
sz6,rus18_sz12,2
sz7,rus18_sz12,2
sz8,rus18_sz12,2
sz9,rus18_sz12,2
sz10,rus18_sz12,2
sz11,rus18_sz12,2
sz12,rus18_sz12,NA
sz13,rus18_sz12,1
sz14,rus18_sz12,1
sz15,rus18_sz12,1
sz16,rus18_sz12,1
sz17,rus18_sz12,1
sz18,rus18_sz12,1
sz19,rus18_sz12,1
sz20,rus18_sz12,1
sz21,rus18_sz12,1
sz22,rus18_sz12,1
sz23,rus18_sz12,1
sz24,rus18_sz12,1
sz25,rus18_sz12,1
sz26,rus18_sz12,1
sz27,rus18_sz12,1
sz28,rus18_sz12,1
sz29,rus18_sz12,1
sz30,rus18_sz12,1
sz31,rus18_sz12,1
sz32,rus18_sz12,1
sz33,rus18_sz12,1
sz34,rus18_sz12,1
sz35,rus18_sz12,1
sz36,rus18_sz12,1
sz1,rus9_sz12,2
sz2,rus9_sz12,2
sz3,rus9_sz12,2
sz4,rus9_sz12,2
sz5,rus9_sz12,2
sz6,rus9_sz12,2
sz7,rus9_sz12,2
sz8,rus9_sz12,2
sz9,rus9_sz12,2
sz10,rus9_sz12,2
sz11,rus9_sz12,2
sz12,rus9_sz12,NA
sz13,rus9_sz12,1
sz14,rus9_sz12,1
sz15,rus9_sz12,1
sz16,rus9_sz12,1
sz17,rus9_sz12,1
sz18,rus9_sz12,1
sz19,rus9_sz12,1
sz20,rus9_sz12,1
sz21,rus9_sz12,1
sz22,rus9_sz12,1
sz23,rus9_sz12,1
sz24,rus9_sz12,1
sz25,rus9_sz12,1
sz26,rus9_sz12,1
sz27,rus9_sz12,1
sz28,rus9_sz12,1
sz29,rus9_sz12,1
sz30,rus9_sz12,1
sz31,rus9_sz12,1
sz32,rus9_sz12,1
sz33,rus9_sz12,1
sz34,rus9_sz12,1
sz35,rus9_sz12,1
sz36,rus9_sz12,1
sz1,rus18_sz13,2
sz2,rus18_sz13,2
sz3,rus18_sz13,2
sz4,rus18_sz13,2
sz5,rus18_sz13,2
sz6,rus18_sz13,2
sz7,rus18_sz13,2
sz8,rus18_sz13,2
sz9,rus18_sz13,2
sz10,rus18_sz13,2
sz11,rus18_sz13,2
sz12,rus18_sz13,2
sz13,rus18_sz13,NA
sz14,rus18_sz13,1
sz15,rus18_sz13,1
sz16,rus18_sz13,1
sz17,rus18_sz13,1
sz18,rus18_sz13,1
sz19,rus18_sz13,1
sz20,rus18_sz13,1
sz21,rus18_sz13,1
sz22,rus18_sz13,1
sz23,rus18_sz13,1
sz24,rus18_sz13,1
sz25,rus18_sz13,1
sz26,rus18_sz13,1
sz27,rus18_sz13,1
sz28,rus18_sz13,1
sz29,rus18_sz13,1
sz30,rus18_sz13,1
sz31,rus18_sz13,1
sz32,rus18_sz13,1
sz33,rus18_sz13,1
sz34,rus18_sz13,1
sz35,rus18_sz13,1
sz36,rus18_sz13,1
sz1,rus9_sz13,2
sz2,rus9_sz13,2
sz3,rus9_sz13,2
sz4,rus9_sz13,2
sz5,rus9_sz13,2
sz6,rus9_sz13,2
sz7,rus9_sz13,2
sz8,rus9_sz13,2
sz9,rus9_sz13,2
sz10,rus9_sz13,2
sz11,rus9_sz13,2
sz12,rus9_sz13,2
sz13,rus9_sz13,NA
sz14,rus9_sz13,1
sz15,rus9_sz13,1
sz16,rus9_sz13,1
sz17,rus9_sz13,1
sz18,rus9_sz13,1
sz19,rus9_sz13,1
sz20,rus9_sz13,1
sz21,rus9_sz13,1
sz22,rus9_sz13,1
sz23,rus9_sz13,1
sz24,rus9_sz13,1
sz25,rus9_sz13,1
sz26,rus9_sz13,1
sz27,rus9_sz13,1
sz28,rus9_sz13,1
sz29,rus9_sz13,1
sz30,rus9_sz13,1
sz31,rus9_sz13,1
sz32,rus9_sz13,1
sz33,rus9_sz13,1
sz34,rus9_sz13,1
sz35,rus9_sz13,1
sz36,rus9_sz13,1
sz1,rus18_sz14,2
sz2,rus18_sz14,2
sz3,rus18_sz14,2
sz4,rus18_sz14,2
sz5,rus18_sz14,2
sz6,rus18_sz14,2
sz7,rus18_sz14,2
sz8,rus18_sz14,2
sz9,rus18_sz14,2
sz10,rus18_sz14,2
sz11,rus18_sz14,2
sz12,rus18_sz14,2
sz13,rus18_sz14,2
sz14,rus18_sz14,NA
sz15,rus18_sz14,1
sz16,rus18_sz14,1
sz17,rus18_sz14,1
sz18,rus18_sz14,1
sz19,rus18_sz14,1
sz20,rus18_sz14,1
sz21,rus18_sz14,1
sz22,rus18_sz14,1
sz23,rus18_sz14,1
sz24,rus18_sz14,1
sz25,rus18_sz14,1
sz26,rus18_sz14,1
sz27,rus18_sz14,1
sz28,rus18_sz14,1
sz29,rus18_sz14,1
sz30,rus18_sz14,1
sz31,rus18_sz14,1
sz32,rus18_sz14,1
sz33,rus18_sz14,1
sz34,rus18_sz14,1
sz35,rus18_sz14,1
sz36,rus18_sz14,1
sz1,rus9_sz14,2
sz2,rus9_sz14,2
sz3,rus9_sz14,2
sz4,rus9_sz14,2
sz5,rus9_sz14,2
sz6,rus9_sz14,2
sz7,rus9_sz14,2
sz8,rus9_sz14,2
sz9,rus9_sz14,2
sz10,rus9_sz14,2
sz11,rus9_sz14,2
sz12,rus9_sz14,2
sz13,rus9_sz14,2
sz14,rus9_sz14,NA
sz15,rus9_sz14,1
sz16,rus9_sz14,1
sz17,rus9_sz14,1
sz18,rus9_sz14,1
sz19,rus9_sz14,1
sz20,rus9_sz14,1
sz21,rus9_sz14,1
sz22,rus9_sz14,1
sz23,rus9_sz14,1
sz24,rus9_sz14,1
sz25,rus9_sz14,1
sz26,rus9_sz14,1
sz27,rus9_sz14,1
sz28,rus9_sz14,1
sz29,rus9_sz14,1
sz30,rus9_sz14,1
sz31,rus9_sz14,1
sz32,rus9_sz14,1
sz33,rus9_sz14,1
sz34,rus9_sz14,1
sz35,rus9_sz14,1
sz36,rus9_sz14,1
sz1,rus18_sz15,2
sz2,rus18_sz15,2
sz3,rus18_sz15,2
sz4,rus18_sz15,2
sz5,rus18_sz15,2
sz6,rus18_sz15,2
sz7,rus18_sz15,2
sz8,rus18_sz15,2
sz9,rus18_sz15,2
sz10,rus18_sz15,2
sz11,rus18_sz15,2
sz12,rus18_sz15,2
sz13,rus18_sz15,2
sz14,rus18_sz15,2
sz15,rus18_sz15,NA
sz16,rus18_sz15,1
sz17,rus18_sz15,1
sz18,rus18_sz15,1
sz19,rus18_sz15,1
sz20,rus18_sz15,1
sz21,rus18_sz15,1
sz22,rus18_sz15,1
sz23,rus18_sz15,1
sz24,rus18_sz15,1
sz25,rus18_sz15,1
sz26,rus18_sz15,1
sz27,rus18_sz15,1
sz28,rus18_sz15,1
sz29,rus18_sz15,1
sz30,rus18_sz15,1
sz31,rus18_sz15,1
sz32,rus18_sz15,1
sz33,rus18_sz15,1
sz34,rus18_sz15,1
sz35,rus18_sz15,1
sz36,rus18_sz15,1
sz1,rus19_sz15,2
sz2,rus19_sz15,2
sz3,rus19_sz15,2
sz4,rus19_sz15,2
sz5,rus19_sz15,2
sz6,rus19_sz15,2
sz7,rus19_sz15,2
sz8,rus19_sz15,2
sz9,rus19_sz15,2
sz10,rus19_sz15,2
sz11,rus19_sz15,2
sz12,rus19_sz15,2
sz13,rus19_sz15,2
sz14,rus19_sz15,2
sz15,rus19_sz15,NA
sz16,rus19_sz15,1
sz17,rus19_sz15,1
sz18,rus19_sz15,1
sz19,rus19_sz15,1
sz20,rus19_sz15,1
sz21,rus19_sz15,1
sz22,rus19_sz15,1
sz23,rus19_sz15,1
sz24,rus19_sz15,1
sz25,rus19_sz15,1
sz26,rus19_sz15,1
sz27,rus19_sz15,1
sz28,rus19_sz15,1
sz29,rus19_sz15,1
sz30,rus19_sz15,1
sz31,rus19_sz15,1
sz32,rus19_sz15,1
sz33,rus19_sz15,1
sz34,rus19_sz15,1
sz35,rus19_sz15,1
sz36,rus19_sz15,1
sz1,rus9_sz15,2
sz2,rus9_sz15,2
sz3,rus9_sz15,2
sz4,rus9_sz15,2
sz5,rus9_sz15,2
sz6,rus9_sz15,2
sz7,rus9_sz15,2
sz8,rus9_sz15,2
sz9,rus9_sz15,2
sz10,rus9_sz15,2
sz11,rus9_sz15,2
sz12,rus9_sz15,2
sz13,rus9_sz15,2
sz14,rus9_sz15,2
sz15,rus9_sz15,NA
sz16,rus9_sz15,1
sz17,rus9_sz15,1
sz18,rus9_sz15,1
sz19,rus9_sz15,1
sz20,rus9_sz15,1
sz21,rus9_sz15,1
sz22,rus9_sz15,1
sz23,rus9_sz15,1
sz24,rus9_sz15,1
sz25,rus9_sz15,1
sz26,rus9_sz15,1
sz27,rus9_sz15,1
sz28,rus9_sz15,1
sz29,rus9_sz15,1
sz30,rus9_sz15,1
sz31,rus9_sz15,1
sz32,rus9_sz15,1
sz33,rus9_sz15,1
sz34,rus9_sz15,1
sz35,rus9_sz15,1
sz36,rus9_sz15,1
sz1,rus19_sz16,2
sz2,rus19_sz16,2
sz3,rus19_sz16,2
sz4,rus19_sz16,2
sz5,rus19_sz16,2
sz6,rus19_sz16,2
sz7,rus19_sz16,2
sz8,rus19_sz16,2
sz9,rus19_sz16,2
sz10,rus19_sz16,2
sz11,rus19_sz16,2
sz12,rus19_sz16,2
sz13,rus19_sz16,2
sz14,rus19_sz16,2
sz15,rus19_sz16,2
sz16,rus19_sz16,NA
sz17,rus19_sz16,1
sz18,rus19_sz16,1
sz19,rus19_sz16,1
sz20,rus19_sz16,1
sz21,rus19_sz16,1
sz22,rus19_sz16,1
sz23,rus19_sz16,1
sz24,rus19_sz16,1
sz25,rus19_sz16,1
sz26,rus19_sz16,1
sz27,rus19_sz16,1
sz28,rus19_sz16,1
sz29,rus19_sz16,1
sz30,rus19_sz16,1
sz31,rus19_sz16,1
sz32,rus19_sz16,1
sz33,rus19_sz16,1
sz34,rus19_sz16,1
sz35,rus19_sz16,1
sz36,rus19_sz16,1
sz1,rus9_sz16,2
sz2,rus9_sz16,2
sz3,rus9_sz16,2
sz4,rus9_sz16,2
sz5,rus9_sz16,2
sz6,rus9_sz16,2
sz7,rus9_sz16,2
sz8,rus9_sz16,2
sz9,rus9_sz16,2
sz10,rus9_sz16,2
sz11,rus9_sz16,2
sz12,rus9_sz16,2
sz13,rus9_sz16,2
sz14,rus9_sz16,2
sz15,rus9_sz16,2
sz16,rus9_sz16,NA
sz17,rus9_sz16,1
sz18,rus9_sz16,1
sz19,rus9_sz16,1
sz20,rus9_sz16,1
sz21,rus9_sz16,1
sz22,rus9_sz16,1
sz23,rus9_sz16,1
sz24,rus9_sz16,1
sz25,rus9_sz16,1
sz26,rus9_sz16,1
sz27,rus9_sz16,1
sz28,rus9_sz16,1
sz29,rus9_sz16,1
sz30,rus9_sz16,1
sz31,rus9_sz16,1
sz32,rus9_sz16,1
sz33,rus9_sz16,1
sz34,rus9_sz16,1
sz35,rus9_sz16,1
sz36,rus9_sz16,1
sz1,rus19_sz17,2
sz2,rus19_sz17,2
sz3,rus19_sz17,2
sz4,rus19_sz17,2
sz5,rus19_sz17,2
sz6,rus19_sz17,2
sz7,rus19_sz17,2
sz8,rus19_sz17,2
sz9,rus19_sz17,2
sz10,rus19_sz17,2
sz11,rus19_sz17,2
sz12,rus19_sz17,2
sz13,rus19_sz17,2
sz14,rus19_sz17,2
sz15,rus19_sz17,2
sz16,rus19_sz17,2
sz17,rus19_sz17,NA
sz18,rus19_sz17,1
sz19,rus19_sz17,1
sz20,rus19_sz17,1
sz21,rus19_sz17,1
sz22,rus19_sz17,1
sz23,rus19_sz17,1
sz24,rus19_sz17,1
sz25,rus19_sz17,1
sz26,rus19_sz17,1
sz27,rus19_sz17,1
sz28,rus19_sz17,1
sz29,rus19_sz17,1
sz30,rus19_sz17,1
sz31,rus19_sz17,1
sz32,rus19_sz17,1
sz33,rus19_sz17,1
sz34,rus19_sz17,1
sz35,rus19_sz17,1
sz36,rus19_sz17,1
sz1,rus9_sz17,2
sz2,rus9_sz17,2
sz3,rus9_sz17,2
sz4,rus9_sz17,2
sz5,rus9_sz17,2
sz6,rus9_sz17,2
sz7,rus9_sz17,2
sz8,rus9_sz17,2
sz9,rus9_sz17,2
sz10,rus9_sz17,2
sz11,rus9_sz17,2
sz12,rus9_sz17,2
sz13,rus9_sz17,2
sz14,rus9_sz17,2
sz15,rus9_sz17,2
sz16,rus9_sz17,2
sz17,rus9_sz17,NA
sz18,rus9_sz17,1
sz19,rus9_sz17,1
sz20,rus9_sz17,1
sz21,rus9_sz17,1
sz22,rus9_sz17,1
sz23,rus9_sz17,1
sz24,rus9_sz17,1
sz25,rus9_sz17,1
sz26,rus9_sz17,1
sz27,rus9_sz17,1
sz28,rus9_sz17,1
sz29,rus9_sz17,1
sz30,rus9_sz17,1
sz31,rus9_sz17,1
sz32,rus9_sz17,1
sz33,rus9_sz17,1
sz34,rus9_sz17,1
sz35,rus9_sz17,1
sz36,rus9_sz17,1
sz1,rus12_sz18,2
sz2,rus12_sz18,2
sz3,rus12_sz18,2
sz4,rus12_sz18,2
sz5,rus12_sz18,2
sz6,rus12_sz18,2
sz7,rus12_sz18,2
sz8,rus12_sz18,2
sz9,rus12_sz18,2
sz10,rus12_sz18,2
sz11,rus12_sz18,2
sz12,rus12_sz18,2
sz13,rus12_sz18,2
sz14,rus12_sz18,2
sz15,rus12_sz18,2
sz16,rus12_sz18,2
sz17,rus12_sz18,2
sz18,rus12_sz18,NA
sz19,rus12_sz18,1
sz20,rus12_sz18,1
sz21,rus12_sz18,1
sz22,rus12_sz18,1
sz23,rus12_sz18,1
sz24,rus12_sz18,1
sz25,rus12_sz18,1
sz26,rus12_sz18,1
sz27,rus12_sz18,1
sz28,rus12_sz18,1
sz29,rus12_sz18,1
sz30,rus12_sz18,1
sz31,rus12_sz18,1
sz32,rus12_sz18,1
sz33,rus12_sz18,1
sz34,rus12_sz18,1
sz35,rus12_sz18,1
sz36,rus12_sz18,1
sz1,rus19_sz18,2
sz2,rus19_sz18,2
sz3,rus19_sz18,2
sz4,rus19_sz18,2
sz5,rus19_sz18,2
sz6,rus19_sz18,2
sz7,rus19_sz18,2
sz8,rus19_sz18,2
sz9,rus19_sz18,2
sz10,rus19_sz18,2
sz11,rus19_sz18,2
sz12,rus19_sz18,2
sz13,rus19_sz18,2
sz14,rus19_sz18,2
sz15,rus19_sz18,2
sz16,rus19_sz18,2
sz17,rus19_sz18,2
sz18,rus19_sz18,NA
sz19,rus19_sz18,1
sz20,rus19_sz18,1
sz21,rus19_sz18,1
sz22,rus19_sz18,1
sz23,rus19_sz18,1
sz24,rus19_sz18,1
sz25,rus19_sz18,1
sz26,rus19_sz18,1
sz27,rus19_sz18,1
sz28,rus19_sz18,1
sz29,rus19_sz18,1
sz30,rus19_sz18,1
sz31,rus19_sz18,1
sz32,rus19_sz18,1
sz33,rus19_sz18,1
sz34,rus19_sz18,1
sz35,rus19_sz18,1
sz36,rus19_sz18,1
sz1,rus6_sz18,2
sz2,rus6_sz18,2
sz3,rus6_sz18,2
sz4,rus6_sz18,2
sz5,rus6_sz18,2
sz6,rus6_sz18,2
sz7,rus6_sz18,2
sz8,rus6_sz18,2
sz9,rus6_sz18,2
sz10,rus6_sz18,2
sz11,rus6_sz18,2
sz12,rus6_sz18,2
sz13,rus6_sz18,2
sz14,rus6_sz18,2
sz15,rus6_sz18,2
sz16,rus6_sz18,2
sz17,rus6_sz18,2
sz18,rus6_sz18,NA
sz19,rus6_sz18,1
sz20,rus6_sz18,1
sz21,rus6_sz18,1
sz22,rus6_sz18,1
sz23,rus6_sz18,1
sz24,rus6_sz18,1
sz25,rus6_sz18,1
sz26,rus6_sz18,1
sz27,rus6_sz18,1
sz28,rus6_sz18,1
sz29,rus6_sz18,1
sz30,rus6_sz18,1
sz31,rus6_sz18,1
sz32,rus6_sz18,1
sz33,rus6_sz18,1
sz34,rus6_sz18,1
sz35,rus6_sz18,1
sz36,rus6_sz18,1
sz1,rus9_sz18,2
sz2,rus9_sz18,2
sz3,rus9_sz18,2
sz4,rus9_sz18,2
sz5,rus9_sz18,2
sz6,rus9_sz18,2
sz7,rus9_sz18,2
sz8,rus9_sz18,2
sz9,rus9_sz18,2
sz10,rus9_sz18,2
sz11,rus9_sz18,2
sz12,rus9_sz18,2
sz13,rus9_sz18,2
sz14,rus9_sz18,2
sz15,rus9_sz18,2
sz16,rus9_sz18,2
sz17,rus9_sz18,2
sz18,rus9_sz18,NA
sz19,rus9_sz18,1
sz20,rus9_sz18,1
sz21,rus9_sz18,1
sz22,rus9_sz18,1
sz23,rus9_sz18,1
sz24,rus9_sz18,1
sz25,rus9_sz18,1
sz26,rus9_sz18,1
sz27,rus9_sz18,1
sz28,rus9_sz18,1
sz29,rus9_sz18,1
sz30,rus9_sz18,1
sz31,rus9_sz18,1
sz32,rus9_sz18,1
sz33,rus9_sz18,1
sz34,rus9_sz18,1
sz35,rus9_sz18,1
sz36,rus9_sz18,1
sz1,rus12_sz19,2
sz2,rus12_sz19,2
sz3,rus12_sz19,2
sz4,rus12_sz19,2
sz5,rus12_sz19,2
sz6,rus12_sz19,2
sz7,rus12_sz19,2
sz8,rus12_sz19,2
sz9,rus12_sz19,2
sz10,rus12_sz19,2
sz11,rus12_sz19,2
sz12,rus12_sz19,2
sz13,rus12_sz19,2
sz14,rus12_sz19,2
sz15,rus12_sz19,2
sz16,rus12_sz19,2
sz17,rus12_sz19,2
sz18,rus12_sz19,2
sz19,rus12_sz19,NA
sz20,rus12_sz19,1
sz21,rus12_sz19,1
sz22,rus12_sz19,1
sz23,rus12_sz19,1
sz24,rus12_sz19,1
sz25,rus12_sz19,1
sz26,rus12_sz19,1
sz27,rus12_sz19,1
sz28,rus12_sz19,1
sz29,rus12_sz19,1
sz30,rus12_sz19,1
sz31,rus12_sz19,1
sz32,rus12_sz19,1
sz33,rus12_sz19,1
sz34,rus12_sz19,1
sz35,rus12_sz19,1
sz36,rus12_sz19,1
sz1,rus19_sz19,2
sz2,rus19_sz19,2
sz3,rus19_sz19,2
sz4,rus19_sz19,2
sz5,rus19_sz19,2
sz6,rus19_sz19,2
sz7,rus19_sz19,2
sz8,rus19_sz19,2
sz9,rus19_sz19,2
sz10,rus19_sz19,2
sz11,rus19_sz19,2
sz12,rus19_sz19,2
sz13,rus19_sz19,2
sz14,rus19_sz19,2
sz15,rus19_sz19,2
sz16,rus19_sz19,2
sz17,rus19_sz19,2
sz18,rus19_sz19,2
sz19,rus19_sz19,NA
sz20,rus19_sz19,1
sz21,rus19_sz19,1
sz22,rus19_sz19,1
sz23,rus19_sz19,1
sz24,rus19_sz19,1
sz25,rus19_sz19,1
sz26,rus19_sz19,1
sz27,rus19_sz19,1
sz28,rus19_sz19,1
sz29,rus19_sz19,1
sz30,rus19_sz19,1
sz31,rus19_sz19,1
sz32,rus19_sz19,1
sz33,rus19_sz19,1
sz34,rus19_sz19,1
sz35,rus19_sz19,1
sz36,rus19_sz19,1
sz1,rus6_sz19,2
sz2,rus6_sz19,2
sz3,rus6_sz19,2
sz4,rus6_sz19,2
sz5,rus6_sz19,2
sz6,rus6_sz19,2
sz7,rus6_sz19,2
sz8,rus6_sz19,2
sz9,rus6_sz19,2
sz10,rus6_sz19,2
sz11,rus6_sz19,2
sz12,rus6_sz19,2
sz13,rus6_sz19,2
sz14,rus6_sz19,2
sz15,rus6_sz19,2
sz16,rus6_sz19,2
sz17,rus6_sz19,2
sz18,rus6_sz19,2
sz19,rus6_sz19,NA
sz20,rus6_sz19,1
sz21,rus6_sz19,1
sz22,rus6_sz19,1
sz23,rus6_sz19,1
sz24,rus6_sz19,1
sz25,rus6_sz19,1
sz26,rus6_sz19,1
sz27,rus6_sz19,1
sz28,rus6_sz19,1
sz29,rus6_sz19,1
sz30,rus6_sz19,1
sz31,rus6_sz19,1
sz32,rus6_sz19,1
sz33,rus6_sz19,1
sz34,rus6_sz19,1
sz35,rus6_sz19,1
sz36,rus6_sz19,1
sz1,rus9_sz19,2
sz2,rus9_sz19,2
sz3,rus9_sz19,2
sz4,rus9_sz19,2
sz5,rus9_sz19,2
sz6,rus9_sz19,2
sz7,rus9_sz19,2
sz8,rus9_sz19,2
sz9,rus9_sz19,2
sz10,rus9_sz19,2
sz11,rus9_sz19,2
sz12,rus9_sz19,2
sz13,rus9_sz19,2
sz14,rus9_sz19,2
sz15,rus9_sz19,2
sz16,rus9_sz19,2
sz17,rus9_sz19,2
sz18,rus9_sz19,2
sz19,rus9_sz19,NA
sz20,rus9_sz19,1
sz21,rus9_sz19,1
sz22,rus9_sz19,1
sz23,rus9_sz19,1
sz24,rus9_sz19,1
sz25,rus9_sz19,1
sz26,rus9_sz19,1
sz27,rus9_sz19,1
sz28,rus9_sz19,1
sz29,rus9_sz19,1
sz30,rus9_sz19,1
sz31,rus9_sz19,1
sz32,rus9_sz19,1
sz33,rus9_sz19,1
sz34,rus9_sz19,1
sz35,rus9_sz19,1
sz36,rus9_sz19,1
sz1,rus1_sz2,2
sz2,rus1_sz2,NA
sz3,rus1_sz2,1
sz4,rus1_sz2,1
sz5,rus1_sz2,1
sz6,rus1_sz2,1
sz7,rus1_sz2,1
sz8,rus1_sz2,1
sz9,rus1_sz2,1
sz10,rus1_sz2,1
sz11,rus1_sz2,1
sz12,rus1_sz2,1
sz13,rus1_sz2,1
sz14,rus1_sz2,1
sz15,rus1_sz2,1
sz16,rus1_sz2,1
sz17,rus1_sz2,1
sz18,rus1_sz2,1
sz19,rus1_sz2,1
sz20,rus1_sz2,1
sz21,rus1_sz2,1
sz22,rus1_sz2,1
sz23,rus1_sz2,1
sz24,rus1_sz2,1
sz25,rus1_sz2,1
sz26,rus1_sz2,1
sz27,rus1_sz2,1
sz28,rus1_sz2,1
sz29,rus1_sz2,1
sz30,rus1_sz2,1
sz31,rus1_sz2,1
sz32,rus1_sz2,1
sz33,rus1_sz2,1
sz34,rus1_sz2,1
sz35,rus1_sz2,1
sz36,rus1_sz2,1
sz1,rus2_sz2,2
sz2,rus2_sz2,NA
sz3,rus2_sz2,1
sz4,rus2_sz2,1
sz5,rus2_sz2,1
sz6,rus2_sz2,1
sz7,rus2_sz2,1
sz8,rus2_sz2,1
sz9,rus2_sz2,1
sz10,rus2_sz2,1
sz11,rus2_sz2,1
sz12,rus2_sz2,1
sz13,rus2_sz2,1
sz14,rus2_sz2,1
sz15,rus2_sz2,1
sz16,rus2_sz2,1
sz17,rus2_sz2,1
sz18,rus2_sz2,1
sz19,rus2_sz2,1
sz20,rus2_sz2,1
sz21,rus2_sz2,1
sz22,rus2_sz2,1
sz23,rus2_sz2,1
sz24,rus2_sz2,1
sz25,rus2_sz2,1
sz26,rus2_sz2,1
sz27,rus2_sz2,1
sz28,rus2_sz2,1
sz29,rus2_sz2,1
sz30,rus2_sz2,1
sz31,rus2_sz2,1
sz32,rus2_sz2,1
sz33,rus2_sz2,1
sz34,rus2_sz2,1
sz35,rus2_sz2,1
sz36,rus2_sz2,1
sz1,rus3_sz2,2
sz2,rus3_sz2,NA
sz3,rus3_sz2,1
sz4,rus3_sz2,1
sz5,rus3_sz2,1
sz6,rus3_sz2,1
sz7,rus3_sz2,1
sz8,rus3_sz2,1
sz9,rus3_sz2,1
sz10,rus3_sz2,1
sz11,rus3_sz2,1
sz12,rus3_sz2,1
sz13,rus3_sz2,1
sz14,rus3_sz2,1
sz15,rus3_sz2,1
sz16,rus3_sz2,1
sz17,rus3_sz2,1
sz18,rus3_sz2,1
sz19,rus3_sz2,1
sz20,rus3_sz2,1
sz21,rus3_sz2,1
sz22,rus3_sz2,1
sz23,rus3_sz2,1
sz24,rus3_sz2,1
sz25,rus3_sz2,1
sz26,rus3_sz2,1
sz27,rus3_sz2,1
sz28,rus3_sz2,1
sz29,rus3_sz2,1
sz30,rus3_sz2,1
sz31,rus3_sz2,1
sz32,rus3_sz2,1
sz33,rus3_sz2,1
sz34,rus3_sz2,1
sz35,rus3_sz2,1
sz36,rus3_sz2,1
sz1,rus9_sz2,2
sz2,rus9_sz2,NA
sz3,rus9_sz2,1
sz4,rus9_sz2,1
sz5,rus9_sz2,1
sz6,rus9_sz2,1
sz7,rus9_sz2,1
sz8,rus9_sz2,1
sz9,rus9_sz2,1
sz10,rus9_sz2,1
sz11,rus9_sz2,1
sz12,rus9_sz2,1
sz13,rus9_sz2,1
sz14,rus9_sz2,1
sz15,rus9_sz2,1
sz16,rus9_sz2,1
sz17,rus9_sz2,1
sz18,rus9_sz2,1
sz19,rus9_sz2,1
sz20,rus9_sz2,1
sz21,rus9_sz2,1
sz22,rus9_sz2,1
sz23,rus9_sz2,1
sz24,rus9_sz2,1
sz25,rus9_sz2,1
sz26,rus9_sz2,1
sz27,rus9_sz2,1
sz28,rus9_sz2,1
sz29,rus9_sz2,1
sz30,rus9_sz2,1
sz31,rus9_sz2,1
sz32,rus9_sz2,1
sz33,rus9_sz2,1
sz34,rus9_sz2,1
sz35,rus9_sz2,1
sz36,rus9_sz2,1
sz1,rus12_sz20,2
sz2,rus12_sz20,2
sz3,rus12_sz20,2
sz4,rus12_sz20,2
sz5,rus12_sz20,2
sz6,rus12_sz20,2
sz7,rus12_sz20,2
sz8,rus12_sz20,2
sz9,rus12_sz20,2
sz10,rus12_sz20,2
sz11,rus12_sz20,2
sz12,rus12_sz20,2
sz13,rus12_sz20,2
sz14,rus12_sz20,2
sz15,rus12_sz20,2
sz16,rus12_sz20,2
sz17,rus12_sz20,2
sz18,rus12_sz20,2
sz19,rus12_sz20,2
sz20,rus12_sz20,NA
sz21,rus12_sz20,1
sz22,rus12_sz20,1
sz23,rus12_sz20,1
sz24,rus12_sz20,1
sz25,rus12_sz20,1
sz26,rus12_sz20,1
sz27,rus12_sz20,1
sz28,rus12_sz20,1
sz29,rus12_sz20,1
sz30,rus12_sz20,1
sz31,rus12_sz20,1
sz32,rus12_sz20,1
sz33,rus12_sz20,1
sz34,rus12_sz20,1
sz35,rus12_sz20,1
sz36,rus12_sz20,1
sz1,rus19_sz20,2
sz2,rus19_sz20,2
sz3,rus19_sz20,2
sz4,rus19_sz20,2
sz5,rus19_sz20,2
sz6,rus19_sz20,2
sz7,rus19_sz20,2
sz8,rus19_sz20,2
sz9,rus19_sz20,2
sz10,rus19_sz20,2
sz11,rus19_sz20,2
sz12,rus19_sz20,2
sz13,rus19_sz20,2
sz14,rus19_sz20,2
sz15,rus19_sz20,2
sz16,rus19_sz20,2
sz17,rus19_sz20,2
sz18,rus19_sz20,2
sz19,rus19_sz20,2
sz20,rus19_sz20,NA
sz21,rus19_sz20,1
sz22,rus19_sz20,1
sz23,rus19_sz20,1
sz24,rus19_sz20,1
sz25,rus19_sz20,1
sz26,rus19_sz20,1
sz27,rus19_sz20,1
sz28,rus19_sz20,1
sz29,rus19_sz20,1
sz30,rus19_sz20,1
sz31,rus19_sz20,1
sz32,rus19_sz20,1
sz33,rus19_sz20,1
sz34,rus19_sz20,1
sz35,rus19_sz20,1
sz36,rus19_sz20,1
sz1,rus6_sz20,2
sz2,rus6_sz20,2
sz3,rus6_sz20,2
sz4,rus6_sz20,2
sz5,rus6_sz20,2
sz6,rus6_sz20,2
sz7,rus6_sz20,2
sz8,rus6_sz20,2
sz9,rus6_sz20,2
sz10,rus6_sz20,2
sz11,rus6_sz20,2
sz12,rus6_sz20,2
sz13,rus6_sz20,2
sz14,rus6_sz20,2
sz15,rus6_sz20,2
sz16,rus6_sz20,2
sz17,rus6_sz20,2
sz18,rus6_sz20,2
sz19,rus6_sz20,2
sz20,rus6_sz20,NA
sz21,rus6_sz20,1
sz22,rus6_sz20,1
sz23,rus6_sz20,1
sz24,rus6_sz20,1
sz25,rus6_sz20,1
sz26,rus6_sz20,1
sz27,rus6_sz20,1
sz28,rus6_sz20,1
sz29,rus6_sz20,1
sz30,rus6_sz20,1
sz31,rus6_sz20,1
sz32,rus6_sz20,1
sz33,rus6_sz20,1
sz34,rus6_sz20,1
sz35,rus6_sz20,1
sz36,rus6_sz20,1
sz1,rus12_sz21,2
sz2,rus12_sz21,2
sz3,rus12_sz21,2
sz4,rus12_sz21,2
sz5,rus12_sz21,2
sz6,rus12_sz21,2
sz7,rus12_sz21,2
sz8,rus12_sz21,2
sz9,rus12_sz21,2
sz10,rus12_sz21,2
sz11,rus12_sz21,2
sz12,rus12_sz21,2
sz13,rus12_sz21,2
sz14,rus12_sz21,2
sz15,rus12_sz21,2
sz16,rus12_sz21,2
sz17,rus12_sz21,2
sz18,rus12_sz21,2
sz19,rus12_sz21,2
sz20,rus12_sz21,2
sz21,rus12_sz21,NA
sz22,rus12_sz21,1
sz23,rus12_sz21,1
sz24,rus12_sz21,1
sz25,rus12_sz21,1
sz26,rus12_sz21,1
sz27,rus12_sz21,1
sz28,rus12_sz21,1
sz29,rus12_sz21,1
sz30,rus12_sz21,1
sz31,rus12_sz21,1
sz32,rus12_sz21,1
sz33,rus12_sz21,1
sz34,rus12_sz21,1
sz35,rus12_sz21,1
sz36,rus12_sz21,1
sz1,rus6_sz21,2
sz2,rus6_sz21,2
sz3,rus6_sz21,2
sz4,rus6_sz21,2
sz5,rus6_sz21,2
sz6,rus6_sz21,2
sz7,rus6_sz21,2
sz8,rus6_sz21,2
sz9,rus6_sz21,2
sz10,rus6_sz21,2
sz11,rus6_sz21,2
sz12,rus6_sz21,2
sz13,rus6_sz21,2
sz14,rus6_sz21,2
sz15,rus6_sz21,2
sz16,rus6_sz21,2
sz17,rus6_sz21,2
sz18,rus6_sz21,2
sz19,rus6_sz21,2
sz20,rus6_sz21,2
sz21,rus6_sz21,NA
sz22,rus6_sz21,1
sz23,rus6_sz21,1
sz24,rus6_sz21,1
sz25,rus6_sz21,1
sz26,rus6_sz21,1
sz27,rus6_sz21,1
sz28,rus6_sz21,1
sz29,rus6_sz21,1
sz30,rus6_sz21,1
sz31,rus6_sz21,1
sz32,rus6_sz21,1
sz33,rus6_sz21,1
sz34,rus6_sz21,1
sz35,rus6_sz21,1
sz36,rus6_sz21,1
sz1,rus10_sz22,2
sz2,rus10_sz22,2
sz3,rus10_sz22,2
sz4,rus10_sz22,2
sz5,rus10_sz22,2
sz6,rus10_sz22,2
sz7,rus10_sz22,2
sz8,rus10_sz22,2
sz9,rus10_sz22,2
sz10,rus10_sz22,2
sz11,rus10_sz22,2
sz12,rus10_sz22,2
sz13,rus10_sz22,2
sz14,rus10_sz22,2
sz15,rus10_sz22,2
sz16,rus10_sz22,2
sz17,rus10_sz22,2
sz18,rus10_sz22,2
sz19,rus10_sz22,2
sz20,rus10_sz22,2
sz21,rus10_sz22,2
sz22,rus10_sz22,NA
sz23,rus10_sz22,1
sz24,rus10_sz22,1
sz25,rus10_sz22,1
sz26,rus10_sz22,1
sz27,rus10_sz22,1
sz28,rus10_sz22,1
sz29,rus10_sz22,1
sz30,rus10_sz22,1
sz31,rus10_sz22,1
sz32,rus10_sz22,1
sz33,rus10_sz22,1
sz34,rus10_sz22,1
sz35,rus10_sz22,1
sz36,rus10_sz22,1
sz1,rus12_sz22,2
sz2,rus12_sz22,2
sz3,rus12_sz22,2
sz4,rus12_sz22,2
sz5,rus12_sz22,2
sz6,rus12_sz22,2
sz7,rus12_sz22,2
sz8,rus12_sz22,2
sz9,rus12_sz22,2
sz10,rus12_sz22,2
sz11,rus12_sz22,2
sz12,rus12_sz22,2
sz13,rus12_sz22,2
sz14,rus12_sz22,2
sz15,rus12_sz22,2
sz16,rus12_sz22,2
sz17,rus12_sz22,2
sz18,rus12_sz22,2
sz19,rus12_sz22,2
sz20,rus12_sz22,2
sz21,rus12_sz22,2
sz22,rus12_sz22,NA
sz23,rus12_sz22,1
sz24,rus12_sz22,1
sz25,rus12_sz22,1
sz26,rus12_sz22,1
sz27,rus12_sz22,1
sz28,rus12_sz22,1
sz29,rus12_sz22,1
sz30,rus12_sz22,1
sz31,rus12_sz22,1
sz32,rus12_sz22,1
sz33,rus12_sz22,1
sz34,rus12_sz22,1
sz35,rus12_sz22,1
sz36,rus12_sz22,1
sz1,rus6_sz22,2
sz2,rus6_sz22,2
sz3,rus6_sz22,2
sz4,rus6_sz22,2
sz5,rus6_sz22,2
sz6,rus6_sz22,2
sz7,rus6_sz22,2
sz8,rus6_sz22,2
sz9,rus6_sz22,2
sz10,rus6_sz22,2
sz11,rus6_sz22,2
sz12,rus6_sz22,2
sz13,rus6_sz22,2
sz14,rus6_sz22,2
sz15,rus6_sz22,2
sz16,rus6_sz22,2
sz17,rus6_sz22,2
sz18,rus6_sz22,2
sz19,rus6_sz22,2
sz20,rus6_sz22,2
sz21,rus6_sz22,2
sz22,rus6_sz22,NA
sz23,rus6_sz22,1
sz24,rus6_sz22,1
sz25,rus6_sz22,1
sz26,rus6_sz22,1
sz27,rus6_sz22,1
sz28,rus6_sz22,1
sz29,rus6_sz22,1
sz30,rus6_sz22,1
sz31,rus6_sz22,1
sz32,rus6_sz22,1
sz33,rus6_sz22,1
sz34,rus6_sz22,1
sz35,rus6_sz22,1
sz36,rus6_sz22,1
sz1,rus10_sz23,2
sz2,rus10_sz23,2
sz3,rus10_sz23,2
sz4,rus10_sz23,2
sz5,rus10_sz23,2
sz6,rus10_sz23,2
sz7,rus10_sz23,2
sz8,rus10_sz23,2
sz9,rus10_sz23,2
sz10,rus10_sz23,2
sz11,rus10_sz23,2
sz12,rus10_sz23,2
sz13,rus10_sz23,2
sz14,rus10_sz23,2
sz15,rus10_sz23,2
sz16,rus10_sz23,2
sz17,rus10_sz23,2
sz18,rus10_sz23,2
sz19,rus10_sz23,2
sz20,rus10_sz23,2
sz21,rus10_sz23,2
sz22,rus10_sz23,2
sz23,rus10_sz23,NA
sz24,rus10_sz23,1
sz25,rus10_sz23,1
sz26,rus10_sz23,1
sz27,rus10_sz23,1
sz28,rus10_sz23,1
sz29,rus10_sz23,1
sz30,rus10_sz23,1
sz31,rus10_sz23,1
sz32,rus10_sz23,1
sz33,rus10_sz23,1
sz34,rus10_sz23,1
sz35,rus10_sz23,1
sz36,rus10_sz23,1
sz1,rus12_sz23,2
sz2,rus12_sz23,2
sz3,rus12_sz23,2
sz4,rus12_sz23,2
sz5,rus12_sz23,2
sz6,rus12_sz23,2
sz7,rus12_sz23,2
sz8,rus12_sz23,2
sz9,rus12_sz23,2
sz10,rus12_sz23,2
sz11,rus12_sz23,2
sz12,rus12_sz23,2
sz13,rus12_sz23,2
sz14,rus12_sz23,2
sz15,rus12_sz23,2
sz16,rus12_sz23,2
sz17,rus12_sz23,2
sz18,rus12_sz23,2
sz19,rus12_sz23,2
sz20,rus12_sz23,2
sz21,rus12_sz23,2
sz22,rus12_sz23,2
sz23,rus12_sz23,NA
sz24,rus12_sz23,1
sz25,rus12_sz23,1
sz26,rus12_sz23,1
sz27,rus12_sz23,1
sz28,rus12_sz23,1
sz29,rus12_sz23,1
sz30,rus12_sz23,1
sz31,rus12_sz23,1
sz32,rus12_sz23,1
sz33,rus12_sz23,1
sz34,rus12_sz23,1
sz35,rus12_sz23,1
sz36,rus12_sz23,1
sz1,rus6_sz23,2
sz2,rus6_sz23,2
sz3,rus6_sz23,2
sz4,rus6_sz23,2
sz5,rus6_sz23,2
sz6,rus6_sz23,2
sz7,rus6_sz23,2
sz8,rus6_sz23,2
sz9,rus6_sz23,2
sz10,rus6_sz23,2
sz11,rus6_sz23,2
sz12,rus6_sz23,2
sz13,rus6_sz23,2
sz14,rus6_sz23,2
sz15,rus6_sz23,2
sz16,rus6_sz23,2
sz17,rus6_sz23,2
sz18,rus6_sz23,2
sz19,rus6_sz23,2
sz20,rus6_sz23,2
sz21,rus6_sz23,2
sz22,rus6_sz23,2
sz23,rus6_sz23,NA
sz24,rus6_sz23,1
sz25,rus6_sz23,1
sz26,rus6_sz23,1
sz27,rus6_sz23,1
sz28,rus6_sz23,1
sz29,rus6_sz23,1
sz30,rus6_sz23,1
sz31,rus6_sz23,1
sz32,rus6_sz23,1
sz33,rus6_sz23,1
sz34,rus6_sz23,1
sz35,rus6_sz23,1
sz36,rus6_sz23,1
sz1,rus10_sz24,2
sz2,rus10_sz24,2
sz3,rus10_sz24,2
sz4,rus10_sz24,2
sz5,rus10_sz24,2
sz6,rus10_sz24,2
sz7,rus10_sz24,2
sz8,rus10_sz24,2
sz9,rus10_sz24,2
sz10,rus10_sz24,2
sz11,rus10_sz24,2
sz12,rus10_sz24,2
sz13,rus10_sz24,2
sz14,rus10_sz24,2
sz15,rus10_sz24,2
sz16,rus10_sz24,2
sz17,rus10_sz24,2
sz18,rus10_sz24,2
sz19,rus10_sz24,2
sz20,rus10_sz24,2
sz21,rus10_sz24,2
sz22,rus10_sz24,2
sz23,rus10_sz24,2
sz24,rus10_sz24,NA
sz25,rus10_sz24,1
sz26,rus10_sz24,1
sz27,rus10_sz24,1
sz28,rus10_sz24,1
sz29,rus10_sz24,1
sz30,rus10_sz24,1
sz31,rus10_sz24,1
sz32,rus10_sz24,1
sz33,rus10_sz24,1
sz34,rus10_sz24,1
sz35,rus10_sz24,1
sz36,rus10_sz24,1
sz1,rus13_sz24,2
sz2,rus13_sz24,2
sz3,rus13_sz24,2
sz4,rus13_sz24,2
sz5,rus13_sz24,2
sz6,rus13_sz24,2
sz7,rus13_sz24,2
sz8,rus13_sz24,2
sz9,rus13_sz24,2
sz10,rus13_sz24,2
sz11,rus13_sz24,2
sz12,rus13_sz24,2
sz13,rus13_sz24,2
sz14,rus13_sz24,2
sz15,rus13_sz24,2
sz16,rus13_sz24,2
sz17,rus13_sz24,2
sz18,rus13_sz24,2
sz19,rus13_sz24,2
sz20,rus13_sz24,2
sz21,rus13_sz24,2
sz22,rus13_sz24,2
sz23,rus13_sz24,2
sz24,rus13_sz24,NA
sz25,rus13_sz24,1
sz26,rus13_sz24,1
sz27,rus13_sz24,1
sz28,rus13_sz24,1
sz29,rus13_sz24,1
sz30,rus13_sz24,1
sz31,rus13_sz24,1
sz32,rus13_sz24,1
sz33,rus13_sz24,1
sz34,rus13_sz24,1
sz35,rus13_sz24,1
sz36,rus13_sz24,1
sz1,rus15_sz24,2
sz2,rus15_sz24,2
sz3,rus15_sz24,2
sz4,rus15_sz24,2
sz5,rus15_sz24,2
sz6,rus15_sz24,2
sz7,rus15_sz24,2
sz8,rus15_sz24,2
sz9,rus15_sz24,2
sz10,rus15_sz24,2
sz11,rus15_sz24,2
sz12,rus15_sz24,2
sz13,rus15_sz24,2
sz14,rus15_sz24,2
sz15,rus15_sz24,2
sz16,rus15_sz24,2
sz17,rus15_sz24,2
sz18,rus15_sz24,2
sz19,rus15_sz24,2
sz20,rus15_sz24,2
sz21,rus15_sz24,2
sz22,rus15_sz24,2
sz23,rus15_sz24,2
sz24,rus15_sz24,NA
sz25,rus15_sz24,1
sz26,rus15_sz24,1
sz27,rus15_sz24,1
sz28,rus15_sz24,1
sz29,rus15_sz24,1
sz30,rus15_sz24,1
sz31,rus15_sz24,1
sz32,rus15_sz24,1
sz33,rus15_sz24,1
sz34,rus15_sz24,1
sz35,rus15_sz24,1
sz36,rus15_sz24,1
sz1,rus6_sz24,2
sz2,rus6_sz24,2
sz3,rus6_sz24,2
sz4,rus6_sz24,2
sz5,rus6_sz24,2
sz6,rus6_sz24,2
sz7,rus6_sz24,2
sz8,rus6_sz24,2
sz9,rus6_sz24,2
sz10,rus6_sz24,2
sz11,rus6_sz24,2
sz12,rus6_sz24,2
sz13,rus6_sz24,2
sz14,rus6_sz24,2
sz15,rus6_sz24,2
sz16,rus6_sz24,2
sz17,rus6_sz24,2
sz18,rus6_sz24,2
sz19,rus6_sz24,2
sz20,rus6_sz24,2
sz21,rus6_sz24,2
sz22,rus6_sz24,2
sz23,rus6_sz24,2
sz24,rus6_sz24,NA
sz25,rus6_sz24,1
sz26,rus6_sz24,1
sz27,rus6_sz24,1
sz28,rus6_sz24,1
sz29,rus6_sz24,1
sz30,rus6_sz24,1
sz31,rus6_sz24,1
sz32,rus6_sz24,1
sz33,rus6_sz24,1
sz34,rus6_sz24,1
sz35,rus6_sz24,1
sz36,rus6_sz24,1
sz1,rus10_sz25,2
sz2,rus10_sz25,2
sz3,rus10_sz25,2
sz4,rus10_sz25,2
sz5,rus10_sz25,2
sz6,rus10_sz25,2
sz7,rus10_sz25,2
sz8,rus10_sz25,2
sz9,rus10_sz25,2
sz10,rus10_sz25,2
sz11,rus10_sz25,2
sz12,rus10_sz25,2
sz13,rus10_sz25,2
sz14,rus10_sz25,2
sz15,rus10_sz25,2
sz16,rus10_sz25,2
sz17,rus10_sz25,2
sz18,rus10_sz25,2
sz19,rus10_sz25,2
sz20,rus10_sz25,2
sz21,rus10_sz25,2
sz22,rus10_sz25,2
sz23,rus10_sz25,2
sz24,rus10_sz25,2
sz25,rus10_sz25,NA
sz26,rus10_sz25,1
sz27,rus10_sz25,1
sz28,rus10_sz25,1
sz29,rus10_sz25,1
sz30,rus10_sz25,1
sz31,rus10_sz25,1
sz32,rus10_sz25,1
sz33,rus10_sz25,1
sz34,rus10_sz25,1
sz35,rus10_sz25,1
sz36,rus10_sz25,1
sz1,rus13_sz25,2
sz2,rus13_sz25,2
sz3,rus13_sz25,2
sz4,rus13_sz25,2
sz5,rus13_sz25,2
sz6,rus13_sz25,2
sz7,rus13_sz25,2
sz8,rus13_sz25,2
sz9,rus13_sz25,2
sz10,rus13_sz25,2
sz11,rus13_sz25,2
sz12,rus13_sz25,2
sz13,rus13_sz25,2
sz14,rus13_sz25,2
sz15,rus13_sz25,2
sz16,rus13_sz25,2
sz17,rus13_sz25,2
sz18,rus13_sz25,2
sz19,rus13_sz25,2
sz20,rus13_sz25,2
sz21,rus13_sz25,2
sz22,rus13_sz25,2
sz23,rus13_sz25,2
sz24,rus13_sz25,2
sz25,rus13_sz25,NA
sz26,rus13_sz25,1
sz27,rus13_sz25,1
sz28,rus13_sz25,1
sz29,rus13_sz25,1
sz30,rus13_sz25,1
sz31,rus13_sz25,1
sz32,rus13_sz25,1
sz33,rus13_sz25,1
sz34,rus13_sz25,1
sz35,rus13_sz25,1
sz36,rus13_sz25,1
sz1,rus15_sz25,2
sz2,rus15_sz25,2
sz3,rus15_sz25,2
sz4,rus15_sz25,2
sz5,rus15_sz25,2
sz6,rus15_sz25,2
sz7,rus15_sz25,2
sz8,rus15_sz25,2
sz9,rus15_sz25,2
sz10,rus15_sz25,2
sz11,rus15_sz25,2
sz12,rus15_sz25,2
sz13,rus15_sz25,2
sz14,rus15_sz25,2
sz15,rus15_sz25,2
sz16,rus15_sz25,2
sz17,rus15_sz25,2
sz18,rus15_sz25,2
sz19,rus15_sz25,2
sz20,rus15_sz25,2
sz21,rus15_sz25,2
sz22,rus15_sz25,2
sz23,rus15_sz25,2
sz24,rus15_sz25,2
sz25,rus15_sz25,NA
sz26,rus15_sz25,1
sz27,rus15_sz25,1
sz28,rus15_sz25,1
sz29,rus15_sz25,1
sz30,rus15_sz25,1
sz31,rus15_sz25,1
sz32,rus15_sz25,1
sz33,rus15_sz25,1
sz34,rus15_sz25,1
sz35,rus15_sz25,1
sz36,rus15_sz25,1
sz1,rus13_sz26,2
sz2,rus13_sz26,2
sz3,rus13_sz26,2
sz4,rus13_sz26,2
sz5,rus13_sz26,2
sz6,rus13_sz26,2
sz7,rus13_sz26,2
sz8,rus13_sz26,2
sz9,rus13_sz26,2
sz10,rus13_sz26,2
sz11,rus13_sz26,2
sz12,rus13_sz26,2
sz13,rus13_sz26,2
sz14,rus13_sz26,2
sz15,rus13_sz26,2
sz16,rus13_sz26,2
sz17,rus13_sz26,2
sz18,rus13_sz26,2
sz19,rus13_sz26,2
sz20,rus13_sz26,2
sz21,rus13_sz26,2
sz22,rus13_sz26,2
sz23,rus13_sz26,2
sz24,rus13_sz26,2
sz25,rus13_sz26,2
sz26,rus13_sz26,NA
sz27,rus13_sz26,1
sz28,rus13_sz26,1
sz29,rus13_sz26,1
sz30,rus13_sz26,1
sz31,rus13_sz26,1
sz32,rus13_sz26,1
sz33,rus13_sz26,1
sz34,rus13_sz26,1
sz35,rus13_sz26,1
sz36,rus13_sz26,1
sz1,rus15_sz26,2
sz2,rus15_sz26,2
sz3,rus15_sz26,2
sz4,rus15_sz26,2
sz5,rus15_sz26,2
sz6,rus15_sz26,2
sz7,rus15_sz26,2
sz8,rus15_sz26,2
sz9,rus15_sz26,2
sz10,rus15_sz26,2
sz11,rus15_sz26,2
sz12,rus15_sz26,2
sz13,rus15_sz26,2
sz14,rus15_sz26,2
sz15,rus15_sz26,2
sz16,rus15_sz26,2
sz17,rus15_sz26,2
sz18,rus15_sz26,2
sz19,rus15_sz26,2
sz20,rus15_sz26,2
sz21,rus15_sz26,2
sz22,rus15_sz26,2
sz23,rus15_sz26,2
sz24,rus15_sz26,2
sz25,rus15_sz26,2
sz26,rus15_sz26,NA
sz27,rus15_sz26,1
sz28,rus15_sz26,1
sz29,rus15_sz26,1
sz30,rus15_sz26,1
sz31,rus15_sz26,1
sz32,rus15_sz26,1
sz33,rus15_sz26,1
sz34,rus15_sz26,1
sz35,rus15_sz26,1
sz36,rus15_sz26,1
sz1,rus4_sz26,2
sz2,rus4_sz26,2
sz3,rus4_sz26,2
sz4,rus4_sz26,2
sz5,rus4_sz26,2
sz6,rus4_sz26,2
sz7,rus4_sz26,2
sz8,rus4_sz26,2
sz9,rus4_sz26,2
sz10,rus4_sz26,2
sz11,rus4_sz26,2
sz12,rus4_sz26,2
sz13,rus4_sz26,2
sz14,rus4_sz26,2
sz15,rus4_sz26,2
sz16,rus4_sz26,2
sz17,rus4_sz26,2
sz18,rus4_sz26,2
sz19,rus4_sz26,2
sz20,rus4_sz26,2
sz21,rus4_sz26,2
sz22,rus4_sz26,2
sz23,rus4_sz26,2
sz24,rus4_sz26,2
sz25,rus4_sz26,2
sz26,rus4_sz26,NA
sz27,rus4_sz26,1
sz28,rus4_sz26,1
sz29,rus4_sz26,1
sz30,rus4_sz26,1
sz31,rus4_sz26,1
sz32,rus4_sz26,1
sz33,rus4_sz26,1
sz34,rus4_sz26,1
sz35,rus4_sz26,1
sz36,rus4_sz26,1
sz1,rus13_sz27,2
sz2,rus13_sz27,2
sz3,rus13_sz27,2
sz4,rus13_sz27,2
sz5,rus13_sz27,2
sz6,rus13_sz27,2
sz7,rus13_sz27,2
sz8,rus13_sz27,2
sz9,rus13_sz27,2
sz10,rus13_sz27,2
sz11,rus13_sz27,2
sz12,rus13_sz27,2
sz13,rus13_sz27,2
sz14,rus13_sz27,2
sz15,rus13_sz27,2
sz16,rus13_sz27,2
sz17,rus13_sz27,2
sz18,rus13_sz27,2
sz19,rus13_sz27,2
sz20,rus13_sz27,2
sz21,rus13_sz27,2
sz22,rus13_sz27,2
sz23,rus13_sz27,2
sz24,rus13_sz27,2
sz25,rus13_sz27,2
sz26,rus13_sz27,2
sz27,rus13_sz27,NA
sz28,rus13_sz27,1
sz29,rus13_sz27,1
sz30,rus13_sz27,1
sz31,rus13_sz27,1
sz32,rus13_sz27,1
sz33,rus13_sz27,1
sz34,rus13_sz27,1
sz35,rus13_sz27,1
sz36,rus13_sz27,1
sz1,rus15_sz27,2
sz2,rus15_sz27,2
sz3,rus15_sz27,2
sz4,rus15_sz27,2
sz5,rus15_sz27,2
sz6,rus15_sz27,2
sz7,rus15_sz27,2
sz8,rus15_sz27,2
sz9,rus15_sz27,2
sz10,rus15_sz27,2
sz11,rus15_sz27,2
sz12,rus15_sz27,2
sz13,rus15_sz27,2
sz14,rus15_sz27,2
sz15,rus15_sz27,2
sz16,rus15_sz27,2
sz17,rus15_sz27,2
sz18,rus15_sz27,2
sz19,rus15_sz27,2
sz20,rus15_sz27,2
sz21,rus15_sz27,2
sz22,rus15_sz27,2
sz23,rus15_sz27,2
sz24,rus15_sz27,2
sz25,rus15_sz27,2
sz26,rus15_sz27,2
sz27,rus15_sz27,NA
sz28,rus15_sz27,1
sz29,rus15_sz27,1
sz30,rus15_sz27,1
sz31,rus15_sz27,1
sz32,rus15_sz27,1
sz33,rus15_sz27,1
sz34,rus15_sz27,1
sz35,rus15_sz27,1
sz36,rus15_sz27,1
sz1,rus21_sz27,2
sz2,rus21_sz27,2
sz3,rus21_sz27,2
sz4,rus21_sz27,2
sz5,rus21_sz27,2
sz6,rus21_sz27,2
sz7,rus21_sz27,2
sz8,rus21_sz27,2
sz9,rus21_sz27,2
sz10,rus21_sz27,2
sz11,rus21_sz27,2
sz12,rus21_sz27,2
sz13,rus21_sz27,2
sz14,rus21_sz27,2
sz15,rus21_sz27,2
sz16,rus21_sz27,2
sz17,rus21_sz27,2
sz18,rus21_sz27,2
sz19,rus21_sz27,2
sz20,rus21_sz27,2
sz21,rus21_sz27,2
sz22,rus21_sz27,2
sz23,rus21_sz27,2
sz24,rus21_sz27,2
sz25,rus21_sz27,2
sz26,rus21_sz27,2
sz27,rus21_sz27,NA
sz28,rus21_sz27,1
sz29,rus21_sz27,1
sz30,rus21_sz27,1
sz31,rus21_sz27,1
sz32,rus21_sz27,1
sz33,rus21_sz27,1
sz34,rus21_sz27,1
sz35,rus21_sz27,1
sz36,rus21_sz27,1
sz1,rus4_sz27,2
sz2,rus4_sz27,2
sz3,rus4_sz27,2
sz4,rus4_sz27,2
sz5,rus4_sz27,2
sz6,rus4_sz27,2
sz7,rus4_sz27,2
sz8,rus4_sz27,2
sz9,rus4_sz27,2
sz10,rus4_sz27,2
sz11,rus4_sz27,2
sz12,rus4_sz27,2
sz13,rus4_sz27,2
sz14,rus4_sz27,2
sz15,rus4_sz27,2
sz16,rus4_sz27,2
sz17,rus4_sz27,2
sz18,rus4_sz27,2
sz19,rus4_sz27,2
sz20,rus4_sz27,2
sz21,rus4_sz27,2
sz22,rus4_sz27,2
sz23,rus4_sz27,2
sz24,rus4_sz27,2
sz25,rus4_sz27,2
sz26,rus4_sz27,2
sz27,rus4_sz27,NA
sz28,rus4_sz27,1
sz29,rus4_sz27,1
sz30,rus4_sz27,1
sz31,rus4_sz27,1
sz32,rus4_sz27,1
sz33,rus4_sz27,1
sz34,rus4_sz27,1
sz35,rus4_sz27,1
sz36,rus4_sz27,1
sz1,rus13_sz28,2
sz2,rus13_sz28,2
sz3,rus13_sz28,2
sz4,rus13_sz28,2
sz5,rus13_sz28,2
sz6,rus13_sz28,2
sz7,rus13_sz28,2
sz8,rus13_sz28,2
sz9,rus13_sz28,2
sz10,rus13_sz28,2
sz11,rus13_sz28,2
sz12,rus13_sz28,2
sz13,rus13_sz28,2
sz14,rus13_sz28,2
sz15,rus13_sz28,2
sz16,rus13_sz28,2
sz17,rus13_sz28,2
sz18,rus13_sz28,2
sz19,rus13_sz28,2
sz20,rus13_sz28,2
sz21,rus13_sz28,2
sz22,rus13_sz28,2
sz23,rus13_sz28,2
sz24,rus13_sz28,2
sz25,rus13_sz28,2
sz26,rus13_sz28,2
sz27,rus13_sz28,2
sz28,rus13_sz28,NA
sz29,rus13_sz28,1
sz30,rus13_sz28,1
sz31,rus13_sz28,1
sz32,rus13_sz28,1
sz33,rus13_sz28,1
sz34,rus13_sz28,1
sz35,rus13_sz28,1
sz36,rus13_sz28,1
sz1,rus15_sz28,2
sz2,rus15_sz28,2
sz3,rus15_sz28,2
sz4,rus15_sz28,2
sz5,rus15_sz28,2
sz6,rus15_sz28,2
sz7,rus15_sz28,2
sz8,rus15_sz28,2
sz9,rus15_sz28,2
sz10,rus15_sz28,2
sz11,rus15_sz28,2
sz12,rus15_sz28,2
sz13,rus15_sz28,2
sz14,rus15_sz28,2
sz15,rus15_sz28,2
sz16,rus15_sz28,2
sz17,rus15_sz28,2
sz18,rus15_sz28,2
sz19,rus15_sz28,2
sz20,rus15_sz28,2
sz21,rus15_sz28,2
sz22,rus15_sz28,2
sz23,rus15_sz28,2
sz24,rus15_sz28,2
sz25,rus15_sz28,2
sz26,rus15_sz28,2
sz27,rus15_sz28,2
sz28,rus15_sz28,NA
sz29,rus15_sz28,1
sz30,rus15_sz28,1
sz31,rus15_sz28,1
sz32,rus15_sz28,1
sz33,rus15_sz28,1
sz34,rus15_sz28,1
sz35,rus15_sz28,1
sz36,rus15_sz28,1
sz1,rus21_sz28,2
sz2,rus21_sz28,2
sz3,rus21_sz28,2
sz4,rus21_sz28,2
sz5,rus21_sz28,2
sz6,rus21_sz28,2
sz7,rus21_sz28,2
sz8,rus21_sz28,2
sz9,rus21_sz28,2
sz10,rus21_sz28,2
sz11,rus21_sz28,2
sz12,rus21_sz28,2
sz13,rus21_sz28,2
sz14,rus21_sz28,2
sz15,rus21_sz28,2
sz16,rus21_sz28,2
sz17,rus21_sz28,2
sz18,rus21_sz28,2
sz19,rus21_sz28,2
sz20,rus21_sz28,2
sz21,rus21_sz28,2
sz22,rus21_sz28,2
sz23,rus21_sz28,2
sz24,rus21_sz28,2
sz25,rus21_sz28,2
sz26,rus21_sz28,2
sz27,rus21_sz28,2
sz28,rus21_sz28,NA
sz29,rus21_sz28,1
sz30,rus21_sz28,1
sz31,rus21_sz28,1
sz32,rus21_sz28,1
sz33,rus21_sz28,1
sz34,rus21_sz28,1
sz35,rus21_sz28,1
sz36,rus21_sz28,1
sz1,rus4_sz28,2
sz2,rus4_sz28,2
sz3,rus4_sz28,2
sz4,rus4_sz28,2
sz5,rus4_sz28,2
sz6,rus4_sz28,2
sz7,rus4_sz28,2
sz8,rus4_sz28,2
sz9,rus4_sz28,2
sz10,rus4_sz28,2
sz11,rus4_sz28,2
sz12,rus4_sz28,2
sz13,rus4_sz28,2
sz14,rus4_sz28,2
sz15,rus4_sz28,2
sz16,rus4_sz28,2
sz17,rus4_sz28,2
sz18,rus4_sz28,2
sz19,rus4_sz28,2
sz20,rus4_sz28,2
sz21,rus4_sz28,2
sz22,rus4_sz28,2
sz23,rus4_sz28,2
sz24,rus4_sz28,2
sz25,rus4_sz28,2
sz26,rus4_sz28,2
sz27,rus4_sz28,2
sz28,rus4_sz28,NA
sz29,rus4_sz28,1
sz30,rus4_sz28,1
sz31,rus4_sz28,1
sz32,rus4_sz28,1
sz33,rus4_sz28,1
sz34,rus4_sz28,1
sz35,rus4_sz28,1
sz36,rus4_sz28,1
sz1,rus13_sz29,2
sz2,rus13_sz29,2
sz3,rus13_sz29,2
sz4,rus13_sz29,2
sz5,rus13_sz29,2
sz6,rus13_sz29,2
sz7,rus13_sz29,2
sz8,rus13_sz29,2
sz9,rus13_sz29,2
sz10,rus13_sz29,2
sz11,rus13_sz29,2
sz12,rus13_sz29,2
sz13,rus13_sz29,2
sz14,rus13_sz29,2
sz15,rus13_sz29,2
sz16,rus13_sz29,2
sz17,rus13_sz29,2
sz18,rus13_sz29,2
sz19,rus13_sz29,2
sz20,rus13_sz29,2
sz21,rus13_sz29,2
sz22,rus13_sz29,2
sz23,rus13_sz29,2
sz24,rus13_sz29,2
sz25,rus13_sz29,2
sz26,rus13_sz29,2
sz27,rus13_sz29,2
sz28,rus13_sz29,2
sz29,rus13_sz29,NA
sz30,rus13_sz29,1
sz31,rus13_sz29,1
sz32,rus13_sz29,1
sz33,rus13_sz29,1
sz34,rus13_sz29,1
sz35,rus13_sz29,1
sz36,rus13_sz29,1
sz1,rus15_sz29,2
sz2,rus15_sz29,2
sz3,rus15_sz29,2
sz4,rus15_sz29,2
sz5,rus15_sz29,2
sz6,rus15_sz29,2
sz7,rus15_sz29,2
sz8,rus15_sz29,2
sz9,rus15_sz29,2
sz10,rus15_sz29,2
sz11,rus15_sz29,2
sz12,rus15_sz29,2
sz13,rus15_sz29,2
sz14,rus15_sz29,2
sz15,rus15_sz29,2
sz16,rus15_sz29,2
sz17,rus15_sz29,2
sz18,rus15_sz29,2
sz19,rus15_sz29,2
sz20,rus15_sz29,2
sz21,rus15_sz29,2
sz22,rus15_sz29,2
sz23,rus15_sz29,2
sz24,rus15_sz29,2
sz25,rus15_sz29,2
sz26,rus15_sz29,2
sz27,rus15_sz29,2
sz28,rus15_sz29,2
sz29,rus15_sz29,NA
sz30,rus15_sz29,1
sz31,rus15_sz29,1
sz32,rus15_sz29,1
sz33,rus15_sz29,1
sz34,rus15_sz29,1
sz35,rus15_sz29,1
sz36,rus15_sz29,1
sz1,rus21_sz29,2
sz2,rus21_sz29,2
sz3,rus21_sz29,2
sz4,rus21_sz29,2
sz5,rus21_sz29,2
sz6,rus21_sz29,2
sz7,rus21_sz29,2
sz8,rus21_sz29,2
sz9,rus21_sz29,2
sz10,rus21_sz29,2
sz11,rus21_sz29,2
sz12,rus21_sz29,2
sz13,rus21_sz29,2
sz14,rus21_sz29,2
sz15,rus21_sz29,2
sz16,rus21_sz29,2
sz17,rus21_sz29,2
sz18,rus21_sz29,2
sz19,rus21_sz29,2
sz20,rus21_sz29,2
sz21,rus21_sz29,2
sz22,rus21_sz29,2
sz23,rus21_sz29,2
sz24,rus21_sz29,2
sz25,rus21_sz29,2
sz26,rus21_sz29,2
sz27,rus21_sz29,2
sz28,rus21_sz29,2
sz29,rus21_sz29,NA
sz30,rus21_sz29,1
sz31,rus21_sz29,1
sz32,rus21_sz29,1
sz33,rus21_sz29,1
sz34,rus21_sz29,1
sz35,rus21_sz29,1
sz36,rus21_sz29,1
sz1,rus4_sz29,2
sz2,rus4_sz29,2
sz3,rus4_sz29,2
sz4,rus4_sz29,2
sz5,rus4_sz29,2
sz6,rus4_sz29,2
sz7,rus4_sz29,2
sz8,rus4_sz29,2
sz9,rus4_sz29,2
sz10,rus4_sz29,2
sz11,rus4_sz29,2
sz12,rus4_sz29,2
sz13,rus4_sz29,2
sz14,rus4_sz29,2
sz15,rus4_sz29,2
sz16,rus4_sz29,2
sz17,rus4_sz29,2
sz18,rus4_sz29,2
sz19,rus4_sz29,2
sz20,rus4_sz29,2
sz21,rus4_sz29,2
sz22,rus4_sz29,2
sz23,rus4_sz29,2
sz24,rus4_sz29,2
sz25,rus4_sz29,2
sz26,rus4_sz29,2
sz27,rus4_sz29,2
sz28,rus4_sz29,2
sz29,rus4_sz29,NA
sz30,rus4_sz29,1
sz31,rus4_sz29,1
sz32,rus4_sz29,1
sz33,rus4_sz29,1
sz34,rus4_sz29,1
sz35,rus4_sz29,1
sz36,rus4_sz29,1
sz1,rus1_sz3,2
sz2,rus1_sz3,2
sz3,rus1_sz3,NA
sz4,rus1_sz3,1
sz5,rus1_sz3,1
sz6,rus1_sz3,1
sz7,rus1_sz3,1
sz8,rus1_sz3,1
sz9,rus1_sz3,1
sz10,rus1_sz3,1
sz11,rus1_sz3,1
sz12,rus1_sz3,1
sz13,rus1_sz3,1
sz14,rus1_sz3,1
sz15,rus1_sz3,1
sz16,rus1_sz3,1
sz17,rus1_sz3,1
sz18,rus1_sz3,1
sz19,rus1_sz3,1
sz20,rus1_sz3,1
sz21,rus1_sz3,1
sz22,rus1_sz3,1
sz23,rus1_sz3,1
sz24,rus1_sz3,1
sz25,rus1_sz3,1
sz26,rus1_sz3,1
sz27,rus1_sz3,1
sz28,rus1_sz3,1
sz29,rus1_sz3,1
sz30,rus1_sz3,1
sz31,rus1_sz3,1
sz32,rus1_sz3,1
sz33,rus1_sz3,1
sz34,rus1_sz3,1
sz35,rus1_sz3,1
sz36,rus1_sz3,1
sz1,rus2_sz3,2
sz2,rus2_sz3,2
sz3,rus2_sz3,NA
sz4,rus2_sz3,1
sz5,rus2_sz3,1
sz6,rus2_sz3,1
sz7,rus2_sz3,1
sz8,rus2_sz3,1
sz9,rus2_sz3,1
sz10,rus2_sz3,1
sz11,rus2_sz3,1
sz12,rus2_sz3,1
sz13,rus2_sz3,1
sz14,rus2_sz3,1
sz15,rus2_sz3,1
sz16,rus2_sz3,1
sz17,rus2_sz3,1
sz18,rus2_sz3,1
sz19,rus2_sz3,1
sz20,rus2_sz3,1
sz21,rus2_sz3,1
sz22,rus2_sz3,1
sz23,rus2_sz3,1
sz24,rus2_sz3,1
sz25,rus2_sz3,1
sz26,rus2_sz3,1
sz27,rus2_sz3,1
sz28,rus2_sz3,1
sz29,rus2_sz3,1
sz30,rus2_sz3,1
sz31,rus2_sz3,1
sz32,rus2_sz3,1
sz33,rus2_sz3,1
sz34,rus2_sz3,1
sz35,rus2_sz3,1
sz36,rus2_sz3,1
sz1,rus3_sz3,2
sz2,rus3_sz3,2
sz3,rus3_sz3,NA
sz4,rus3_sz3,1
sz5,rus3_sz3,1
sz6,rus3_sz3,1
sz7,rus3_sz3,1
sz8,rus3_sz3,1
sz9,rus3_sz3,1
sz10,rus3_sz3,1
sz11,rus3_sz3,1
sz12,rus3_sz3,1
sz13,rus3_sz3,1
sz14,rus3_sz3,1
sz15,rus3_sz3,1
sz16,rus3_sz3,1
sz17,rus3_sz3,1
sz18,rus3_sz3,1
sz19,rus3_sz3,1
sz20,rus3_sz3,1
sz21,rus3_sz3,1
sz22,rus3_sz3,1
sz23,rus3_sz3,1
sz24,rus3_sz3,1
sz25,rus3_sz3,1
sz26,rus3_sz3,1
sz27,rus3_sz3,1
sz28,rus3_sz3,1
sz29,rus3_sz3,1
sz30,rus3_sz3,1
sz31,rus3_sz3,1
sz32,rus3_sz3,1
sz33,rus3_sz3,1
sz34,rus3_sz3,1
sz35,rus3_sz3,1
sz36,rus3_sz3,1
sz1,rus9_sz3,2
sz2,rus9_sz3,2
sz3,rus9_sz3,NA
sz4,rus9_sz3,1
sz5,rus9_sz3,1
sz6,rus9_sz3,1
sz7,rus9_sz3,1
sz8,rus9_sz3,1
sz9,rus9_sz3,1
sz10,rus9_sz3,1
sz11,rus9_sz3,1
sz12,rus9_sz3,1
sz13,rus9_sz3,1
sz14,rus9_sz3,1
sz15,rus9_sz3,1
sz16,rus9_sz3,1
sz17,rus9_sz3,1
sz18,rus9_sz3,1
sz19,rus9_sz3,1
sz20,rus9_sz3,1
sz21,rus9_sz3,1
sz22,rus9_sz3,1
sz23,rus9_sz3,1
sz24,rus9_sz3,1
sz25,rus9_sz3,1
sz26,rus9_sz3,1
sz27,rus9_sz3,1
sz28,rus9_sz3,1
sz29,rus9_sz3,1
sz30,rus9_sz3,1
sz31,rus9_sz3,1
sz32,rus9_sz3,1
sz33,rus9_sz3,1
sz34,rus9_sz3,1
sz35,rus9_sz3,1
sz36,rus9_sz3,1
sz1,rus13_sz30,2
sz2,rus13_sz30,2
sz3,rus13_sz30,2
sz4,rus13_sz30,2
sz5,rus13_sz30,2
sz6,rus13_sz30,2
sz7,rus13_sz30,2
sz8,rus13_sz30,2
sz9,rus13_sz30,2
sz10,rus13_sz30,2
sz11,rus13_sz30,2
sz12,rus13_sz30,2
sz13,rus13_sz30,2
sz14,rus13_sz30,2
sz15,rus13_sz30,2
sz16,rus13_sz30,2
sz17,rus13_sz30,2
sz18,rus13_sz30,2
sz19,rus13_sz30,2
sz20,rus13_sz30,2
sz21,rus13_sz30,2
sz22,rus13_sz30,2
sz23,rus13_sz30,2
sz24,rus13_sz30,2
sz25,rus13_sz30,2
sz26,rus13_sz30,2
sz27,rus13_sz30,2
sz28,rus13_sz30,2
sz29,rus13_sz30,2
sz30,rus13_sz30,NA
sz31,rus13_sz30,1
sz32,rus13_sz30,1
sz33,rus13_sz30,1
sz34,rus13_sz30,1
sz35,rus13_sz30,1
sz36,rus13_sz30,1
sz1,rus15_sz30,2
sz2,rus15_sz30,2
sz3,rus15_sz30,2
sz4,rus15_sz30,2
sz5,rus15_sz30,2
sz6,rus15_sz30,2
sz7,rus15_sz30,2
sz8,rus15_sz30,2
sz9,rus15_sz30,2
sz10,rus15_sz30,2
sz11,rus15_sz30,2
sz12,rus15_sz30,2
sz13,rus15_sz30,2
sz14,rus15_sz30,2
sz15,rus15_sz30,2
sz16,rus15_sz30,2
sz17,rus15_sz30,2
sz18,rus15_sz30,2
sz19,rus15_sz30,2
sz20,rus15_sz30,2
sz21,rus15_sz30,2
sz22,rus15_sz30,2
sz23,rus15_sz30,2
sz24,rus15_sz30,2
sz25,rus15_sz30,2
sz26,rus15_sz30,2
sz27,rus15_sz30,2
sz28,rus15_sz30,2
sz29,rus15_sz30,2
sz30,rus15_sz30,NA
sz31,rus15_sz30,1
sz32,rus15_sz30,1
sz33,rus15_sz30,1
sz34,rus15_sz30,1
sz35,rus15_sz30,1
sz36,rus15_sz30,1
sz1,rus21_sz30,2
sz2,rus21_sz30,2
sz3,rus21_sz30,2
sz4,rus21_sz30,2
sz5,rus21_sz30,2
sz6,rus21_sz30,2
sz7,rus21_sz30,2
sz8,rus21_sz30,2
sz9,rus21_sz30,2
sz10,rus21_sz30,2
sz11,rus21_sz30,2
sz12,rus21_sz30,2
sz13,rus21_sz30,2
sz14,rus21_sz30,2
sz15,rus21_sz30,2
sz16,rus21_sz30,2
sz17,rus21_sz30,2
sz18,rus21_sz30,2
sz19,rus21_sz30,2
sz20,rus21_sz30,2
sz21,rus21_sz30,2
sz22,rus21_sz30,2
sz23,rus21_sz30,2
sz24,rus21_sz30,2
sz25,rus21_sz30,2
sz26,rus21_sz30,2
sz27,rus21_sz30,2
sz28,rus21_sz30,2
sz29,rus21_sz30,2
sz30,rus21_sz30,NA
sz31,rus21_sz30,1
sz32,rus21_sz30,1
sz33,rus21_sz30,1
sz34,rus21_sz30,1
sz35,rus21_sz30,1
sz36,rus21_sz30,1
sz1,rus13_sz31,2
sz2,rus13_sz31,2
sz3,rus13_sz31,2
sz4,rus13_sz31,2
sz5,rus13_sz31,2
sz6,rus13_sz31,2
sz7,rus13_sz31,2
sz8,rus13_sz31,2
sz9,rus13_sz31,2
sz10,rus13_sz31,2
sz11,rus13_sz31,2
sz12,rus13_sz31,2
sz13,rus13_sz31,2
sz14,rus13_sz31,2
sz15,rus13_sz31,2
sz16,rus13_sz31,2
sz17,rus13_sz31,2
sz18,rus13_sz31,2
sz19,rus13_sz31,2
sz20,rus13_sz31,2
sz21,rus13_sz31,2
sz22,rus13_sz31,2
sz23,rus13_sz31,2
sz24,rus13_sz31,2
sz25,rus13_sz31,2
sz26,rus13_sz31,2
sz27,rus13_sz31,2
sz28,rus13_sz31,2
sz29,rus13_sz31,2
sz30,rus13_sz31,2
sz31,rus13_sz31,NA
sz32,rus13_sz31,1
sz33,rus13_sz31,1
sz34,rus13_sz31,1
sz35,rus13_sz31,1
sz36,rus13_sz31,1
sz1,rus15_sz31,2
sz2,rus15_sz31,2
sz3,rus15_sz31,2
sz4,rus15_sz31,2
sz5,rus15_sz31,2
sz6,rus15_sz31,2
sz7,rus15_sz31,2
sz8,rus15_sz31,2
sz9,rus15_sz31,2
sz10,rus15_sz31,2
sz11,rus15_sz31,2
sz12,rus15_sz31,2
sz13,rus15_sz31,2
sz14,rus15_sz31,2
sz15,rus15_sz31,2
sz16,rus15_sz31,2
sz17,rus15_sz31,2
sz18,rus15_sz31,2
sz19,rus15_sz31,2
sz20,rus15_sz31,2
sz21,rus15_sz31,2
sz22,rus15_sz31,2
sz23,rus15_sz31,2
sz24,rus15_sz31,2
sz25,rus15_sz31,2
sz26,rus15_sz31,2
sz27,rus15_sz31,2
sz28,rus15_sz31,2
sz29,rus15_sz31,2
sz30,rus15_sz31,2
sz31,rus15_sz31,NA
sz32,rus15_sz31,1
sz33,rus15_sz31,1
sz34,rus15_sz31,1
sz35,rus15_sz31,1
sz36,rus15_sz31,1
sz1,rus17_sz31,2
sz2,rus17_sz31,2
sz3,rus17_sz31,2
sz4,rus17_sz31,2
sz5,rus17_sz31,2
sz6,rus17_sz31,2
sz7,rus17_sz31,2
sz8,rus17_sz31,2
sz9,rus17_sz31,2
sz10,rus17_sz31,2
sz11,rus17_sz31,2
sz12,rus17_sz31,2
sz13,rus17_sz31,2
sz14,rus17_sz31,2
sz15,rus17_sz31,2
sz16,rus17_sz31,2
sz17,rus17_sz31,2
sz18,rus17_sz31,2
sz19,rus17_sz31,2
sz20,rus17_sz31,2
sz21,rus17_sz31,2
sz22,rus17_sz31,2
sz23,rus17_sz31,2
sz24,rus17_sz31,2
sz25,rus17_sz31,2
sz26,rus17_sz31,2
sz27,rus17_sz31,2
sz28,rus17_sz31,2
sz29,rus17_sz31,2
sz30,rus17_sz31,2
sz31,rus17_sz31,NA
sz32,rus17_sz31,1
sz33,rus17_sz31,1
sz34,rus17_sz31,1
sz35,rus17_sz31,1
sz36,rus17_sz31,1
sz1,rus21_sz31,2
sz2,rus21_sz31,2
sz3,rus21_sz31,2
sz4,rus21_sz31,2
sz5,rus21_sz31,2
sz6,rus21_sz31,2
sz7,rus21_sz31,2
sz8,rus21_sz31,2
sz9,rus21_sz31,2
sz10,rus21_sz31,2
sz11,rus21_sz31,2
sz12,rus21_sz31,2
sz13,rus21_sz31,2
sz14,rus21_sz31,2
sz15,rus21_sz31,2
sz16,rus21_sz31,2
sz17,rus21_sz31,2
sz18,rus21_sz31,2
sz19,rus21_sz31,2
sz20,rus21_sz31,2
sz21,rus21_sz31,2
sz22,rus21_sz31,2
sz23,rus21_sz31,2
sz24,rus21_sz31,2
sz25,rus21_sz31,2
sz26,rus21_sz31,2
sz27,rus21_sz31,2
sz28,rus21_sz31,2
sz29,rus21_sz31,2
sz30,rus21_sz31,2
sz31,rus21_sz31,NA
sz32,rus21_sz31,1
sz33,rus21_sz31,1
sz34,rus21_sz31,1
sz35,rus21_sz31,1
sz36,rus21_sz31,1
sz1,rus13_sz32,2
sz2,rus13_sz32,2
sz3,rus13_sz32,2
sz4,rus13_sz32,2
sz5,rus13_sz32,2
sz6,rus13_sz32,2
sz7,rus13_sz32,2
sz8,rus13_sz32,2
sz9,rus13_sz32,2
sz10,rus13_sz32,2
sz11,rus13_sz32,2
sz12,rus13_sz32,2
sz13,rus13_sz32,2
sz14,rus13_sz32,2
sz15,rus13_sz32,2
sz16,rus13_sz32,2
sz17,rus13_sz32,2
sz18,rus13_sz32,2
sz19,rus13_sz32,2
sz20,rus13_sz32,2
sz21,rus13_sz32,2
sz22,rus13_sz32,2
sz23,rus13_sz32,2
sz24,rus13_sz32,2
sz25,rus13_sz32,2
sz26,rus13_sz32,2
sz27,rus13_sz32,2
sz28,rus13_sz32,2
sz29,rus13_sz32,2
sz30,rus13_sz32,2
sz31,rus13_sz32,2
sz32,rus13_sz32,NA
sz33,rus13_sz32,1
sz34,rus13_sz32,1
sz35,rus13_sz32,1
sz36,rus13_sz32,1
sz1,rus15_sz32,2
sz2,rus15_sz32,2
sz3,rus15_sz32,2
sz4,rus15_sz32,2
sz5,rus15_sz32,2
sz6,rus15_sz32,2
sz7,rus15_sz32,2
sz8,rus15_sz32,2
sz9,rus15_sz32,2
sz10,rus15_sz32,2
sz11,rus15_sz32,2
sz12,rus15_sz32,2
sz13,rus15_sz32,2
sz14,rus15_sz32,2
sz15,rus15_sz32,2
sz16,rus15_sz32,2
sz17,rus15_sz32,2
sz18,rus15_sz32,2
sz19,rus15_sz32,2
sz20,rus15_sz32,2
sz21,rus15_sz32,2
sz22,rus15_sz32,2
sz23,rus15_sz32,2
sz24,rus15_sz32,2
sz25,rus15_sz32,2
sz26,rus15_sz32,2
sz27,rus15_sz32,2
sz28,rus15_sz32,2
sz29,rus15_sz32,2
sz30,rus15_sz32,2
sz31,rus15_sz32,2
sz32,rus15_sz32,NA
sz33,rus15_sz32,1
sz34,rus15_sz32,1
sz35,rus15_sz32,1
sz36,rus15_sz32,1
sz1,rus17_sz32,2
sz2,rus17_sz32,2
sz3,rus17_sz32,2
sz4,rus17_sz32,2
sz5,rus17_sz32,2
sz6,rus17_sz32,2
sz7,rus17_sz32,2
sz8,rus17_sz32,2
sz9,rus17_sz32,2
sz10,rus17_sz32,2
sz11,rus17_sz32,2
sz12,rus17_sz32,2
sz13,rus17_sz32,2
sz14,rus17_sz32,2
sz15,rus17_sz32,2
sz16,rus17_sz32,2
sz17,rus17_sz32,2
sz18,rus17_sz32,2
sz19,rus17_sz32,2
sz20,rus17_sz32,2
sz21,rus17_sz32,2
sz22,rus17_sz32,2
sz23,rus17_sz32,2
sz24,rus17_sz32,2
sz25,rus17_sz32,2
sz26,rus17_sz32,2
sz27,rus17_sz32,2
sz28,rus17_sz32,2
sz29,rus17_sz32,2
sz30,rus17_sz32,2
sz31,rus17_sz32,2
sz32,rus17_sz32,NA
sz33,rus17_sz32,1
sz34,rus17_sz32,1
sz35,rus17_sz32,1
sz36,rus17_sz32,1
sz1,rus13_sz33,2
sz2,rus13_sz33,2
sz3,rus13_sz33,2
sz4,rus13_sz33,2
sz5,rus13_sz33,2
sz6,rus13_sz33,2
sz7,rus13_sz33,2
sz8,rus13_sz33,2
sz9,rus13_sz33,2
sz10,rus13_sz33,2
sz11,rus13_sz33,2
sz12,rus13_sz33,2
sz13,rus13_sz33,2
sz14,rus13_sz33,2
sz15,rus13_sz33,2
sz16,rus13_sz33,2
sz17,rus13_sz33,2
sz18,rus13_sz33,2
sz19,rus13_sz33,2
sz20,rus13_sz33,2
sz21,rus13_sz33,2
sz22,rus13_sz33,2
sz23,rus13_sz33,2
sz24,rus13_sz33,2
sz25,rus13_sz33,2
sz26,rus13_sz33,2
sz27,rus13_sz33,2
sz28,rus13_sz33,2
sz29,rus13_sz33,2
sz30,rus13_sz33,2
sz31,rus13_sz33,2
sz32,rus13_sz33,2
sz33,rus13_sz33,NA
sz34,rus13_sz33,1
sz35,rus13_sz33,1
sz36,rus13_sz33,1
sz1,rus17_sz33,2
sz2,rus17_sz33,2
sz3,rus17_sz33,2
sz4,rus17_sz33,2
sz5,rus17_sz33,2
sz6,rus17_sz33,2
sz7,rus17_sz33,2
sz8,rus17_sz33,2
sz9,rus17_sz33,2
sz10,rus17_sz33,2
sz11,rus17_sz33,2
sz12,rus17_sz33,2
sz13,rus17_sz33,2
sz14,rus17_sz33,2
sz15,rus17_sz33,2
sz16,rus17_sz33,2
sz17,rus17_sz33,2
sz18,rus17_sz33,2
sz19,rus17_sz33,2
sz20,rus17_sz33,2
sz21,rus17_sz33,2
sz22,rus17_sz33,2
sz23,rus17_sz33,2
sz24,rus17_sz33,2
sz25,rus17_sz33,2
sz26,rus17_sz33,2
sz27,rus17_sz33,2
sz28,rus17_sz33,2
sz29,rus17_sz33,2
sz30,rus17_sz33,2
sz31,rus17_sz33,2
sz32,rus17_sz33,2
sz33,rus17_sz33,NA
sz34,rus17_sz33,1
sz35,rus17_sz33,1
sz36,rus17_sz33,1
sz1,rus13_sz34,2
sz2,rus13_sz34,2
sz3,rus13_sz34,2
sz4,rus13_sz34,2
sz5,rus13_sz34,2
sz6,rus13_sz34,2
sz7,rus13_sz34,2
sz8,rus13_sz34,2
sz9,rus13_sz34,2
sz10,rus13_sz34,2
sz11,rus13_sz34,2
sz12,rus13_sz34,2
sz13,rus13_sz34,2
sz14,rus13_sz34,2
sz15,rus13_sz34,2
sz16,rus13_sz34,2
sz17,rus13_sz34,2
sz18,rus13_sz34,2
sz19,rus13_sz34,2
sz20,rus13_sz34,2
sz21,rus13_sz34,2
sz22,rus13_sz34,2
sz23,rus13_sz34,2
sz24,rus13_sz34,2
sz25,rus13_sz34,2
sz26,rus13_sz34,2
sz27,rus13_sz34,2
sz28,rus13_sz34,2
sz29,rus13_sz34,2
sz30,rus13_sz34,2
sz31,rus13_sz34,2
sz32,rus13_sz34,2
sz33,rus13_sz34,2
sz34,rus13_sz34,NA
sz35,rus13_sz34,1
sz36,rus13_sz34,1
sz1,rus17_sz34,2
sz2,rus17_sz34,2
sz3,rus17_sz34,2
sz4,rus17_sz34,2
sz5,rus17_sz34,2
sz6,rus17_sz34,2
sz7,rus17_sz34,2
sz8,rus17_sz34,2
sz9,rus17_sz34,2
sz10,rus17_sz34,2
sz11,rus17_sz34,2
sz12,rus17_sz34,2
sz13,rus17_sz34,2
sz14,rus17_sz34,2
sz15,rus17_sz34,2
sz16,rus17_sz34,2
sz17,rus17_sz34,2
sz18,rus17_sz34,2
sz19,rus17_sz34,2
sz20,rus17_sz34,2
sz21,rus17_sz34,2
sz22,rus17_sz34,2
sz23,rus17_sz34,2
sz24,rus17_sz34,2
sz25,rus17_sz34,2
sz26,rus17_sz34,2
sz27,rus17_sz34,2
sz28,rus17_sz34,2
sz29,rus17_sz34,2
sz30,rus17_sz34,2
sz31,rus17_sz34,2
sz32,rus17_sz34,2
sz33,rus17_sz34,2
sz34,rus17_sz34,NA
sz35,rus17_sz34,1
sz36,rus17_sz34,1
sz1,rus1_sz4,2
sz2,rus1_sz4,2
sz3,rus1_sz4,2
sz4,rus1_sz4,NA
sz5,rus1_sz4,1
sz6,rus1_sz4,1
sz7,rus1_sz4,1
sz8,rus1_sz4,1
sz9,rus1_sz4,1
sz10,rus1_sz4,1
sz11,rus1_sz4,1
sz12,rus1_sz4,1
sz13,rus1_sz4,1
sz14,rus1_sz4,1
sz15,rus1_sz4,1
sz16,rus1_sz4,1
sz17,rus1_sz4,1
sz18,rus1_sz4,1
sz19,rus1_sz4,1
sz20,rus1_sz4,1
sz21,rus1_sz4,1
sz22,rus1_sz4,1
sz23,rus1_sz4,1
sz24,rus1_sz4,1
sz25,rus1_sz4,1
sz26,rus1_sz4,1
sz27,rus1_sz4,1
sz28,rus1_sz4,1
sz29,rus1_sz4,1
sz30,rus1_sz4,1
sz31,rus1_sz4,1
sz32,rus1_sz4,1
sz33,rus1_sz4,1
sz34,rus1_sz4,1
sz35,rus1_sz4,1
sz36,rus1_sz4,1
sz1,rus2_sz4,2
sz2,rus2_sz4,2
sz3,rus2_sz4,2
sz4,rus2_sz4,NA
sz5,rus2_sz4,1
sz6,rus2_sz4,1
sz7,rus2_sz4,1
sz8,rus2_sz4,1
sz9,rus2_sz4,1
sz10,rus2_sz4,1
sz11,rus2_sz4,1
sz12,rus2_sz4,1
sz13,rus2_sz4,1
sz14,rus2_sz4,1
sz15,rus2_sz4,1
sz16,rus2_sz4,1
sz17,rus2_sz4,1
sz18,rus2_sz4,1
sz19,rus2_sz4,1
sz20,rus2_sz4,1
sz21,rus2_sz4,1
sz22,rus2_sz4,1
sz23,rus2_sz4,1
sz24,rus2_sz4,1
sz25,rus2_sz4,1
sz26,rus2_sz4,1
sz27,rus2_sz4,1
sz28,rus2_sz4,1
sz29,rus2_sz4,1
sz30,rus2_sz4,1
sz31,rus2_sz4,1
sz32,rus2_sz4,1
sz33,rus2_sz4,1
sz34,rus2_sz4,1
sz35,rus2_sz4,1
sz36,rus2_sz4,1
sz1,rus9_sz4,2
sz2,rus9_sz4,2
sz3,rus9_sz4,2
sz4,rus9_sz4,NA
sz5,rus9_sz4,1
sz6,rus9_sz4,1
sz7,rus9_sz4,1
sz8,rus9_sz4,1
sz9,rus9_sz4,1
sz10,rus9_sz4,1
sz11,rus9_sz4,1
sz12,rus9_sz4,1
sz13,rus9_sz4,1
sz14,rus9_sz4,1
sz15,rus9_sz4,1
sz16,rus9_sz4,1
sz17,rus9_sz4,1
sz18,rus9_sz4,1
sz19,rus9_sz4,1
sz20,rus9_sz4,1
sz21,rus9_sz4,1
sz22,rus9_sz4,1
sz23,rus9_sz4,1
sz24,rus9_sz4,1
sz25,rus9_sz4,1
sz26,rus9_sz4,1
sz27,rus9_sz4,1
sz28,rus9_sz4,1
sz29,rus9_sz4,1
sz30,rus9_sz4,1
sz31,rus9_sz4,1
sz32,rus9_sz4,1
sz33,rus9_sz4,1
sz34,rus9_sz4,1
sz35,rus9_sz4,1
sz36,rus9_sz4,1
sz1,rus1_sz5,2
sz2,rus1_sz5,2
sz3,rus1_sz5,2
sz4,rus1_sz5,2
sz5,rus1_sz5,NA
sz6,rus1_sz5,1
sz7,rus1_sz5,1
sz8,rus1_sz5,1
sz9,rus1_sz5,1
sz10,rus1_sz5,1
sz11,rus1_sz5,1
sz12,rus1_sz5,1
sz13,rus1_sz5,1
sz14,rus1_sz5,1
sz15,rus1_sz5,1
sz16,rus1_sz5,1
sz17,rus1_sz5,1
sz18,rus1_sz5,1
sz19,rus1_sz5,1
sz20,rus1_sz5,1
sz21,rus1_sz5,1
sz22,rus1_sz5,1
sz23,rus1_sz5,1
sz24,rus1_sz5,1
sz25,rus1_sz5,1
sz26,rus1_sz5,1
sz27,rus1_sz5,1
sz28,rus1_sz5,1
sz29,rus1_sz5,1
sz30,rus1_sz5,1
sz31,rus1_sz5,1
sz32,rus1_sz5,1
sz33,rus1_sz5,1
sz34,rus1_sz5,1
sz35,rus1_sz5,1
sz36,rus1_sz5,1
sz1,rus2_sz5,2
sz2,rus2_sz5,2
sz3,rus2_sz5,2
sz4,rus2_sz5,2
sz5,rus2_sz5,NA
sz6,rus2_sz5,1
sz7,rus2_sz5,1
sz8,rus2_sz5,1
sz9,rus2_sz5,1
sz10,rus2_sz5,1
sz11,rus2_sz5,1
sz12,rus2_sz5,1
sz13,rus2_sz5,1
sz14,rus2_sz5,1
sz15,rus2_sz5,1
sz16,rus2_sz5,1
sz17,rus2_sz5,1
sz18,rus2_sz5,1
sz19,rus2_sz5,1
sz20,rus2_sz5,1
sz21,rus2_sz5,1
sz22,rus2_sz5,1
sz23,rus2_sz5,1
sz24,rus2_sz5,1
sz25,rus2_sz5,1
sz26,rus2_sz5,1
sz27,rus2_sz5,1
sz28,rus2_sz5,1
sz29,rus2_sz5,1
sz30,rus2_sz5,1
sz31,rus2_sz5,1
sz32,rus2_sz5,1
sz33,rus2_sz5,1
sz34,rus2_sz5,1
sz35,rus2_sz5,1
sz36,rus2_sz5,1
sz1,rus22_sz5,2
sz2,rus22_sz5,2
sz3,rus22_sz5,2
sz4,rus22_sz5,2
sz5,rus22_sz5,NA
sz6,rus22_sz5,1
sz7,rus22_sz5,1
sz8,rus22_sz5,1
sz9,rus22_sz5,1
sz10,rus22_sz5,1
sz11,rus22_sz5,1
sz12,rus22_sz5,1
sz13,rus22_sz5,1
sz14,rus22_sz5,1
sz15,rus22_sz5,1
sz16,rus22_sz5,1
sz17,rus22_sz5,1
sz18,rus22_sz5,1
sz19,rus22_sz5,1
sz20,rus22_sz5,1
sz21,rus22_sz5,1
sz22,rus22_sz5,1
sz23,rus22_sz5,1
sz24,rus22_sz5,1
sz25,rus22_sz5,1
sz26,rus22_sz5,1
sz27,rus22_sz5,1
sz28,rus22_sz5,1
sz29,rus22_sz5,1
sz30,rus22_sz5,1
sz31,rus22_sz5,1
sz32,rus22_sz5,1
sz33,rus22_sz5,1
sz34,rus22_sz5,1
sz35,rus22_sz5,1
sz36,rus22_sz5,1
sz1,rus9_sz5,2
sz2,rus9_sz5,2
sz3,rus9_sz5,2
sz4,rus9_sz5,2
sz5,rus9_sz5,NA
sz6,rus9_sz5,1
sz7,rus9_sz5,1
sz8,rus9_sz5,1
sz9,rus9_sz5,1
sz10,rus9_sz5,1
sz11,rus9_sz5,1
sz12,rus9_sz5,1
sz13,rus9_sz5,1
sz14,rus9_sz5,1
sz15,rus9_sz5,1
sz16,rus9_sz5,1
sz17,rus9_sz5,1
sz18,rus9_sz5,1
sz19,rus9_sz5,1
sz20,rus9_sz5,1
sz21,rus9_sz5,1
sz22,rus9_sz5,1
sz23,rus9_sz5,1
sz24,rus9_sz5,1
sz25,rus9_sz5,1
sz26,rus9_sz5,1
sz27,rus9_sz5,1
sz28,rus9_sz5,1
sz29,rus9_sz5,1
sz30,rus9_sz5,1
sz31,rus9_sz5,1
sz32,rus9_sz5,1
sz33,rus9_sz5,1
sz34,rus9_sz5,1
sz35,rus9_sz5,1
sz36,rus9_sz5,1
sz1,rus2_sz6,2
sz2,rus2_sz6,2
sz3,rus2_sz6,2
sz4,rus2_sz6,2
sz5,rus2_sz6,2
sz6,rus2_sz6,NA
sz7,rus2_sz6,1
sz8,rus2_sz6,1
sz9,rus2_sz6,1
sz10,rus2_sz6,1
sz11,rus2_sz6,1
sz12,rus2_sz6,1
sz13,rus2_sz6,1
sz14,rus2_sz6,1
sz15,rus2_sz6,1
sz16,rus2_sz6,1
sz17,rus2_sz6,1
sz18,rus2_sz6,1
sz19,rus2_sz6,1
sz20,rus2_sz6,1
sz21,rus2_sz6,1
sz22,rus2_sz6,1
sz23,rus2_sz6,1
sz24,rus2_sz6,1
sz25,rus2_sz6,1
sz26,rus2_sz6,1
sz27,rus2_sz6,1
sz28,rus2_sz6,1
sz29,rus2_sz6,1
sz30,rus2_sz6,1
sz31,rus2_sz6,1
sz32,rus2_sz6,1
sz33,rus2_sz6,1
sz34,rus2_sz6,1
sz35,rus2_sz6,1
sz36,rus2_sz6,1
sz1,rus22_sz6,2
sz2,rus22_sz6,2
sz3,rus22_sz6,2
sz4,rus22_sz6,2
sz5,rus22_sz6,2
sz6,rus22_sz6,NA
sz7,rus22_sz6,1
sz8,rus22_sz6,1
sz9,rus22_sz6,1
sz10,rus22_sz6,1
sz11,rus22_sz6,1
sz12,rus22_sz6,1
sz13,rus22_sz6,1
sz14,rus22_sz6,1
sz15,rus22_sz6,1
sz16,rus22_sz6,1
sz17,rus22_sz6,1
sz18,rus22_sz6,1
sz19,rus22_sz6,1
sz20,rus22_sz6,1
sz21,rus22_sz6,1
sz22,rus22_sz6,1
sz23,rus22_sz6,1
sz24,rus22_sz6,1
sz25,rus22_sz6,1
sz26,rus22_sz6,1
sz27,rus22_sz6,1
sz28,rus22_sz6,1
sz29,rus22_sz6,1
sz30,rus22_sz6,1
sz31,rus22_sz6,1
sz32,rus22_sz6,1
sz33,rus22_sz6,1
sz34,rus22_sz6,1
sz35,rus22_sz6,1
sz36,rus22_sz6,1
sz1,rus9_sz6,2
sz2,rus9_sz6,2
sz3,rus9_sz6,2
sz4,rus9_sz6,2
sz5,rus9_sz6,2
sz6,rus9_sz6,NA
sz7,rus9_sz6,1
sz8,rus9_sz6,1
sz9,rus9_sz6,1
sz10,rus9_sz6,1
sz11,rus9_sz6,1
sz12,rus9_sz6,1
sz13,rus9_sz6,1
sz14,rus9_sz6,1
sz15,rus9_sz6,1
sz16,rus9_sz6,1
sz17,rus9_sz6,1
sz18,rus9_sz6,1
sz19,rus9_sz6,1
sz20,rus9_sz6,1
sz21,rus9_sz6,1
sz22,rus9_sz6,1
sz23,rus9_sz6,1
sz24,rus9_sz6,1
sz25,rus9_sz6,1
sz26,rus9_sz6,1
sz27,rus9_sz6,1
sz28,rus9_sz6,1
sz29,rus9_sz6,1
sz30,rus9_sz6,1
sz31,rus9_sz6,1
sz32,rus9_sz6,1
sz33,rus9_sz6,1
sz34,rus9_sz6,1
sz35,rus9_sz6,1
sz36,rus9_sz6,1
sz1,rus2_sz7,2
sz2,rus2_sz7,2
sz3,rus2_sz7,2
sz4,rus2_sz7,2
sz5,rus2_sz7,2
sz6,rus2_sz7,2
sz7,rus2_sz7,NA
sz8,rus2_sz7,1
sz9,rus2_sz7,1
sz10,rus2_sz7,1
sz11,rus2_sz7,1
sz12,rus2_sz7,1
sz13,rus2_sz7,1
sz14,rus2_sz7,1
sz15,rus2_sz7,1
sz16,rus2_sz7,1
sz17,rus2_sz7,1
sz18,rus2_sz7,1
sz19,rus2_sz7,1
sz20,rus2_sz7,1
sz21,rus2_sz7,1
sz22,rus2_sz7,1
sz23,rus2_sz7,1
sz24,rus2_sz7,1
sz25,rus2_sz7,1
sz26,rus2_sz7,1
sz27,rus2_sz7,1
sz28,rus2_sz7,1
sz29,rus2_sz7,1
sz30,rus2_sz7,1
sz31,rus2_sz7,1
sz32,rus2_sz7,1
sz33,rus2_sz7,1
sz34,rus2_sz7,1
sz35,rus2_sz7,1
sz36,rus2_sz7,1
sz1,rus22_sz7,2
sz2,rus22_sz7,2
sz3,rus22_sz7,2
sz4,rus22_sz7,2
sz5,rus22_sz7,2
sz6,rus22_sz7,2
sz7,rus22_sz7,NA
sz8,rus22_sz7,1
sz9,rus22_sz7,1
sz10,rus22_sz7,1
sz11,rus22_sz7,1
sz12,rus22_sz7,1
sz13,rus22_sz7,1
sz14,rus22_sz7,1
sz15,rus22_sz7,1
sz16,rus22_sz7,1
sz17,rus22_sz7,1
sz18,rus22_sz7,1
sz19,rus22_sz7,1
sz20,rus22_sz7,1
sz21,rus22_sz7,1
sz22,rus22_sz7,1
sz23,rus22_sz7,1
sz24,rus22_sz7,1
sz25,rus22_sz7,1
sz26,rus22_sz7,1
sz27,rus22_sz7,1
sz28,rus22_sz7,1
sz29,rus22_sz7,1
sz30,rus22_sz7,1
sz31,rus22_sz7,1
sz32,rus22_sz7,1
sz33,rus22_sz7,1
sz34,rus22_sz7,1
sz35,rus22_sz7,1
sz36,rus22_sz7,1
sz1,rus9_sz7,2
sz2,rus9_sz7,2
sz3,rus9_sz7,2
sz4,rus9_sz7,2
sz5,rus9_sz7,2
sz6,rus9_sz7,2
sz7,rus9_sz7,NA
sz8,rus9_sz7,1
sz9,rus9_sz7,1
sz10,rus9_sz7,1
sz11,rus9_sz7,1
sz12,rus9_sz7,1
sz13,rus9_sz7,1
sz14,rus9_sz7,1
sz15,rus9_sz7,1
sz16,rus9_sz7,1
sz17,rus9_sz7,1
sz18,rus9_sz7,1
sz19,rus9_sz7,1
sz20,rus9_sz7,1
sz21,rus9_sz7,1
sz22,rus9_sz7,1
sz23,rus9_sz7,1
sz24,rus9_sz7,1
sz25,rus9_sz7,1
sz26,rus9_sz7,1
sz27,rus9_sz7,1
sz28,rus9_sz7,1
sz29,rus9_sz7,1
sz30,rus9_sz7,1
sz31,rus9_sz7,1
sz32,rus9_sz7,1
sz33,rus9_sz7,1
sz34,rus9_sz7,1
sz35,rus9_sz7,1
sz36,rus9_sz7,1
sz1,rus18_sz8,2
sz2,rus18_sz8,2
sz3,rus18_sz8,2
sz4,rus18_sz8,2
sz5,rus18_sz8,2
sz6,rus18_sz8,2
sz7,rus18_sz8,2
sz8,rus18_sz8,NA
sz9,rus18_sz8,1
sz10,rus18_sz8,1
sz11,rus18_sz8,1
sz12,rus18_sz8,1
sz13,rus18_sz8,1
sz14,rus18_sz8,1
sz15,rus18_sz8,1
sz16,rus18_sz8,1
sz17,rus18_sz8,1
sz18,rus18_sz8,1
sz19,rus18_sz8,1
sz20,rus18_sz8,1
sz21,rus18_sz8,1
sz22,rus18_sz8,1
sz23,rus18_sz8,1
sz24,rus18_sz8,1
sz25,rus18_sz8,1
sz26,rus18_sz8,1
sz27,rus18_sz8,1
sz28,rus18_sz8,1
sz29,rus18_sz8,1
sz30,rus18_sz8,1
sz31,rus18_sz8,1
sz32,rus18_sz8,1
sz33,rus18_sz8,1
sz34,rus18_sz8,1
sz35,rus18_sz8,1
sz36,rus18_sz8,1
sz1,rus2_sz8,2
sz2,rus2_sz8,2
sz3,rus2_sz8,2
sz4,rus2_sz8,2
sz5,rus2_sz8,2
sz6,rus2_sz8,2
sz7,rus2_sz8,2
sz8,rus2_sz8,NA
sz9,rus2_sz8,1
sz10,rus2_sz8,1
sz11,rus2_sz8,1
sz12,rus2_sz8,1
sz13,rus2_sz8,1
sz14,rus2_sz8,1
sz15,rus2_sz8,1
sz16,rus2_sz8,1
sz17,rus2_sz8,1
sz18,rus2_sz8,1
sz19,rus2_sz8,1
sz20,rus2_sz8,1
sz21,rus2_sz8,1
sz22,rus2_sz8,1
sz23,rus2_sz8,1
sz24,rus2_sz8,1
sz25,rus2_sz8,1
sz26,rus2_sz8,1
sz27,rus2_sz8,1
sz28,rus2_sz8,1
sz29,rus2_sz8,1
sz30,rus2_sz8,1
sz31,rus2_sz8,1
sz32,rus2_sz8,1
sz33,rus2_sz8,1
sz34,rus2_sz8,1
sz35,rus2_sz8,1
sz36,rus2_sz8,1
sz1,rus22_sz8,2
sz2,rus22_sz8,2
sz3,rus22_sz8,2
sz4,rus22_sz8,2
sz5,rus22_sz8,2
sz6,rus22_sz8,2
sz7,rus22_sz8,2
sz8,rus22_sz8,NA
sz9,rus22_sz8,1
sz10,rus22_sz8,1
sz11,rus22_sz8,1
sz12,rus22_sz8,1
sz13,rus22_sz8,1
sz14,rus22_sz8,1
sz15,rus22_sz8,1
sz16,rus22_sz8,1
sz17,rus22_sz8,1
sz18,rus22_sz8,1
sz19,rus22_sz8,1
sz20,rus22_sz8,1
sz21,rus22_sz8,1
sz22,rus22_sz8,1
sz23,rus22_sz8,1
sz24,rus22_sz8,1
sz25,rus22_sz8,1
sz26,rus22_sz8,1
sz27,rus22_sz8,1
sz28,rus22_sz8,1
sz29,rus22_sz8,1
sz30,rus22_sz8,1
sz31,rus22_sz8,1
sz32,rus22_sz8,1
sz33,rus22_sz8,1
sz34,rus22_sz8,1
sz35,rus22_sz8,1
sz36,rus22_sz8,1
sz1,rus9_sz8,2
sz2,rus9_sz8,2
sz3,rus9_sz8,2
sz4,rus9_sz8,2
sz5,rus9_sz8,2
sz6,rus9_sz8,2
sz7,rus9_sz8,2
sz8,rus9_sz8,NA
sz9,rus9_sz8,1
sz10,rus9_sz8,1
sz11,rus9_sz8,1
sz12,rus9_sz8,1
sz13,rus9_sz8,1
sz14,rus9_sz8,1
sz15,rus9_sz8,1
sz16,rus9_sz8,1
sz17,rus9_sz8,1
sz18,rus9_sz8,1
sz19,rus9_sz8,1
sz20,rus9_sz8,1
sz21,rus9_sz8,1
sz22,rus9_sz8,1
sz23,rus9_sz8,1
sz24,rus9_sz8,1
sz25,rus9_sz8,1
sz26,rus9_sz8,1
sz27,rus9_sz8,1
sz28,rus9_sz8,1
sz29,rus9_sz8,1
sz30,rus9_sz8,1
sz31,rus9_sz8,1
sz32,rus9_sz8,1
sz33,rus9_sz8,1
sz34,rus9_sz8,1
sz35,rus9_sz8,1
sz36,rus9_sz8,1
sz1,rus18_sz9,2
sz2,rus18_sz9,2
sz3,rus18_sz9,2
sz4,rus18_sz9,2
sz5,rus18_sz9,2
sz6,rus18_sz9,2
sz7,rus18_sz9,2
sz8,rus18_sz9,2
sz9,rus18_sz9,NA
sz10,rus18_sz9,1
sz11,rus18_sz9,1
sz12,rus18_sz9,1
sz13,rus18_sz9,1
sz14,rus18_sz9,1
sz15,rus18_sz9,1
sz16,rus18_sz9,1
sz17,rus18_sz9,1
sz18,rus18_sz9,1
sz19,rus18_sz9,1
sz20,rus18_sz9,1
sz21,rus18_sz9,1
sz22,rus18_sz9,1
sz23,rus18_sz9,1
sz24,rus18_sz9,1
sz25,rus18_sz9,1
sz26,rus18_sz9,1
sz27,rus18_sz9,1
sz28,rus18_sz9,1
sz29,rus18_sz9,1
sz30,rus18_sz9,1
sz31,rus18_sz9,1
sz32,rus18_sz9,1
sz33,rus18_sz9,1
sz34,rus18_sz9,1
sz35,rus18_sz9,1
sz36,rus18_sz9,1
sz1,rus2_sz9,2
sz2,rus2_sz9,2
sz3,rus2_sz9,2
sz4,rus2_sz9,2
sz5,rus2_sz9,2
sz6,rus2_sz9,2
sz7,rus2_sz9,2
sz8,rus2_sz9,2
sz9,rus2_sz9,NA
sz10,rus2_sz9,1
sz11,rus2_sz9,1
sz12,rus2_sz9,1
sz13,rus2_sz9,1
sz14,rus2_sz9,1
sz15,rus2_sz9,1
sz16,rus2_sz9,1
sz17,rus2_sz9,1
sz18,rus2_sz9,1
sz19,rus2_sz9,1
sz20,rus2_sz9,1
sz21,rus2_sz9,1
sz22,rus2_sz9,1
sz23,rus2_sz9,1
sz24,rus2_sz9,1
sz25,rus2_sz9,1
sz26,rus2_sz9,1
sz27,rus2_sz9,1
sz28,rus2_sz9,1
sz29,rus2_sz9,1
sz30,rus2_sz9,1
sz31,rus2_sz9,1
sz32,rus2_sz9,1
sz33,rus2_sz9,1
sz34,rus2_sz9,1
sz35,rus2_sz9,1
sz36,rus2_sz9,1
sz1,rus22_sz9,2
sz2,rus22_sz9,2
sz3,rus22_sz9,2
sz4,rus22_sz9,2
sz5,rus22_sz9,2
sz6,rus22_sz9,2
sz7,rus22_sz9,2
sz8,rus22_sz9,2
sz9,rus22_sz9,NA
sz10,rus22_sz9,1
sz11,rus22_sz9,1
sz12,rus22_sz9,1
sz13,rus22_sz9,1
sz14,rus22_sz9,1
sz15,rus22_sz9,1
sz16,rus22_sz9,1
sz17,rus22_sz9,1
sz18,rus22_sz9,1
sz19,rus22_sz9,1
sz20,rus22_sz9,1
sz21,rus22_sz9,1
sz22,rus22_sz9,1
sz23,rus22_sz9,1
sz24,rus22_sz9,1
sz25,rus22_sz9,1
sz26,rus22_sz9,1
sz27,rus22_sz9,1
sz28,rus22_sz9,1
sz29,rus22_sz9,1
sz30,rus22_sz9,1
sz31,rus22_sz9,1
sz32,rus22_sz9,1
sz33,rus22_sz9,1
sz34,rus22_sz9,1
sz35,rus22_sz9,1
sz36,rus22_sz9,1
sz1,rus9_sz9,2
sz2,rus9_sz9,2
sz3,rus9_sz9,2
sz4,rus9_sz9,2
sz5,rus9_sz9,2
sz6,rus9_sz9,2
sz7,rus9_sz9,2
sz8,rus9_sz9,2
sz9,rus9_sz9,NA
sz10,rus9_sz9,1
sz11,rus9_sz9,1
sz12,rus9_sz9,1
sz13,rus9_sz9,1
sz14,rus9_sz9,1
sz15,rus9_sz9,1
sz16,rus9_sz9,1
sz17,rus9_sz9,1
sz18,rus9_sz9,1
sz19,rus9_sz9,1
sz20,rus9_sz9,1
sz21,rus9_sz9,1
sz22,rus9_sz9,1
sz23,rus9_sz9,1
sz24,rus9_sz9,1
sz25,rus9_sz9,1
sz26,rus9_sz9,1
sz27,rus9_sz9,1
sz28,rus9_sz9,1
sz29,rus9_sz9,1
sz30,rus9_sz9,1
sz31,rus9_sz9,1
sz32,rus9_sz9,1
sz33,rus9_sz9,1
sz34,rus9_sz9,1
sz35,rus9_sz9,1
sz36,rus9_sz9,1
